l_french:
 southern_isles_area:0 "Îles Hébrides"
 southern_isles_area_name:0 "Îles Hébrides"
 southern_isles_area_adj:0 "hébride"
 moravia_area:0 "Moravie"
 moravia_area_name:0 "Moravie"
 moravia_area_adj:0 "morave"
 cyprus_area:0 "Chypre"
 cyprus_area_name:0 "Chypre"
 cyprus_area_adj:0 "chypriote"
 balearic_islands_area:0 "Îles Baléares"
 balearic_islands_area_name:0 "Îles Baléares"
 balearic_islands_area_adj:0 "baléare"
 extremadura_area:0 "Extremadura"
 extremadura_area_name:0 "Extremadura"
 extremadura_area_adj:0 "extremadurianne"
 spanish_galicia_area:0 "Galice"
 spanish_galicia_area_name:0 "Galice"
 spanish_galicia_area_adj:0 "galicienne"
 poitou_area:0 "Poitou"
 poitou_area_name:0 "Poitou"
 poitou_area_adj:0 "poitevinoise"
 essex_area:0 "Essex"
 essex_area_name:0 "Essex"
 essex_area_adj:0 "essexienne"
 schleswig_area:0 "Schleswig"
 schleswig_area_name:0 "Schleswig"
 schleswig_area_adj:0 "schleswigienne"
 muenster_area:0 "Münster"
 muenster_area_name:0 "Münster"
 muenster_area_adj:0 "münsterienne"
 western_lowlands_area:0 "West Lowlands"
 western_lowlands_area_name:0 "West Lowlands"
 western_lowlands_area_adj:0 "West Lowlander"
 champagne_area:0 "Champagne"
 champagne_area_name:0 "Champagne"
 champagne_area_adj:0 "champenoise"
 volhynia_area:0 "Volhynie"
 volhynia_area_name:0 "Volhynie"
 volhynia_area_adj:0 "volhynienne"
 slavonia_area:0 "Slavonie"
 slavonia_area_name:0 "Slavonie"
 slavonia_area_adj:0 "slavonienne"
 carpathian_ruthenia_area:0 "Ruthénie carpatique"
 carpathian_ruthenia_area_name:0 "Ruthénie carpatique"
 carpathian_ruthenia_area_adj:0 "ruthéno-carpatique"
 lower_danube_area:0 "Bas-Danube"
 lower_danube_area_name:0 "Bas-Danube"
 lower_danube_area_adj:0 "bas-danubienne"
 cornwall_area:0 "Cornouailles"
 cornwall_area_name:0 "Cornouailles"
 cornwall_area_adj:0 "cornouaillaise"
 murcia_area:0 "Murcie"
 murcia_area_name:0 "Murcie"
 murcia_area_adj:0 "murcienne"
 yorkshire_area:0 "Yorkshire"
 yorkshire_area_name:0 "Yorkshire"
 yorkshire_area_adj:0 "yorkshirienne"
 lancashire_area:0 "Lancashire"
 lancashire_area_name:0 "Lancashire"
 lancashire_area_adj:0 "lancastrienne"
 lower_silesia_area:0 "Basse-Silésie"
 lower_silesia_area_name:0 "Basse-Silésie"
 lower_silesia_area_adj:0 "basse-silésienne"
 sandomierz_area:0 "Sandomierz"
 sandomierz_area_name:0 "Sandomierz"
 sandomierz_area_adj:0 "Sandomierz"
 kalisz_area:0 "Kalisz"
 kalisz_area_name:0 "Kalisz"
 kalisz_area_adj:0 "Kalisz"
 nenets_area:0 "Nenets"
 nenets_area_name:0 "Nenets"
 nenets_area_adj:0 "Nenets"
 guelders_area:0 "Guelders"
 guelders_area_name:0 "Guelders"
 guelders_area_adj:0 "Guelders"
 emilia_area:0 "Emilie"
 emilia_area_name:0 "Emilie"
 emilia_area_adj:0 "émilienne"
 upper_thrace_area:0 "Thrace du Nord"
 upper_thrace_area_name:0 "Thrace du Nord"
 upper_thrace_area_adj:0 "nord-thracienne"
 northern_macedonia_area:0 "Macédonie du Nord"
 northern_macedonia_area_name:0 "Macédonie du Nord"
 northern_macedonia_area_adj:0 "nord-macédonienne"
 sardinia_area:0 "Sardaigne"
 sardinia_area_name:0 "Sardaigne"
 sardinia_area_adj:0 "sarde"
 toropets_area:0 "Toropets"
 toropets_area_name:0 "Toropets"
 toropets_area_adj:0 "Toropets"
 rzhev_area:0 "Rzhev"
 rzhev_area_name:0 "Rzhev"
 rzhev_area_adj:0 "Rzhev"
 valdai_area:0 "Valdai"
 valdai_area_name:0 "Valdai"
 valdai_area_adj:0 "Valdai"
 upper_don_area:0 "Upper Don"
 upper_don_area_name:0 "Upper Don"
 upper_don_area_adj:0 "Upper Don"
 murom_area:0 "Murom"
 murom_area_name:0 "Murom"
 murom_area_adj:0 "Murom"
 vyatka_area:0 "Vyatka"
 vyatka_area_name:0 "Vyatka"
 vyatka_area_adj:0 "Murom"
 pechora_area:0 "Vyatka"
 pechora_area_name:0 "Pechora"
 pechora_area_adj:0 "Pechora"
 vychegda_area:0 "Vychegda"
 vychegda_area_name:0 "Vychegda"
 vychegda_area_adj:0 "Vychegda"
 mezen_area:0 "Mezen"
 mezen_area_name:0 "Mezen"
 mezen_area_adj:0 "Mezen"
 bryansk_area:0 "Bryansk"
 bryansk_area_name:0 "Bryansk"
 bryansk_area_adj:0 "Bryansk"
 west_oka_area:0 "Western Upper Oka"
 west_oka_area_name:0 "Western Upper Oka"
 west_oka_area_adj:0 "Western Upper Okan"
 middle_don_area:0 "Middle Don"
 middle_don_area_name:0 "Middle Don"
 middle_don_area_adj:0 "Middle Don"
 northern_upper_oka_area:0 "Northern Upper Oka"
 northern_upper_oka_area_name:0 "Northern Upper Oka"
 northern_upper_oka_area_adj:0 "Northern Upper Okan"
 nizhny_novgorod_area:0 "Nizhny Novgorod"
 nizhny_novgorod_area_name:0 "Nizhny Novgorod"
 nizhny_novgorod_area_adj:0 "nizhny-novgorodienne"
 
 #BTPLegacy New Areas
 high_atlas_area:0 "Haut-Atlas"
 high_atlas_area_name:0 "Haut-Atlas"
 high_atlas_area_adj:0 "haut-atlasienne"
 tagmudant_area:0 "Tagmudant"
 tagmudant_area_name:0 "Tagmudant"
 tagmudant_area_adj:0 "tagmudantane"
 mesopotamia_region:0 "Mésopotamie"
 mesopotamia_region_name:0 "Mésopotamie"
 mesopotamia_region_adj:0 "mésopotamienne"
 tripoli_area:0 "Tripoli"
 tripoli_area_name:0 "Tripoli"
 tripoli_area_adj:0 "tripolitaine"
 white_nile_area:0 "Nil blanc"
 white_nile_area_name:0 "Nil blanc"
 white_nile_area_adj:0 "blanc-niléenne"
 butana_area:0 "Btuana"
 butana_area_name:0 "Btuana"
 butana_area_adj:0 "Btuani"
 southeast_sahara_area:0 "Sahara du Sud-est"
 southeast_sahara_area_name:0 "Sahara du Sud-est"
 southeast_sahara_area_adj:0 "saharienne"
 medri_bahri_area:0 "Érythrée"
 medri_bahri_area_name:0 "Érythrée"
 medri_bahri_area_adj:0 "érythréenne"
 mardin_area:0 "Mardin"
 mardin_area_name:0 "Mardin"
 mardin_area_adj:0 "mardinienne"
 west_aures_area:0 "Shawia"
 west_aures_area_name:0 "Shawia"
 west_aures_area_adj:0 "Shawian"
 east_aures_area:0 "Medjerda"
 east_aures_area_name:0 "Medjerda"
 east_aures_area_adj:0 "Medjerdan"
 constantine_area:0 "Constantine"
 constantine_area_name:0 "Constantine"
 constantine_area_adj:0 "constantienne"
 oran_area:0 "Oran"
 oran_area_name:0 "Oran"
 oran_area_adj:0 "Orani"
 persian_gulf_islands_area:0 "Îles du Golfe"
 persian_gulf_islands_area_name:0 "Îles du Golfe"
 persian_gulf_islands_area_adj:0 "des îles persanes"
 nafusa_mountains_area:0 "Montagnes Nafusa"
 nafusa_mountains_area_name:0 "Montagnes Nafusa"
 nafusa_mountains_area_adj:0 "Nafusi"
 djerid_area:0 "Djerid"
 djerid_area_name:0 "Djerid"
 djerid_area_adj:0 "Djeridi"
 libya_region:0 "Libye"
 libya_region_name:0 "Libye"
 libya_region_adj:0 "lybienne"
 new_zealand_region:0 "Nouvelle-Zélande"         #or Aotearoa and Te Waipounamu
 new_zealand_region_name:0 "Nouvelle-Zélande"
 new_zealand_region_adj:0 "néo-zélandaise"
 murihiku_area:0 "Southland"
 murihiku_area_name:0 "Southland"
 murihiku_area_adj:0 "Southlander"
 waitaha_area:0 "Canterbury"
 waitaha_area_name:0 "Canterbury"
 waitaha_area_adj:0 "canterburienne"
 tokerau_area:0 "Northland"
 tokerau_area_name:0 "Northland"
 tokerau_area_adj:0 "Northlander"
 heretaunga_area:0 "Eastland"
 heretaunga_area_name:0 "Eastland"
 heretaunga_area_adj:0 "Eastlander"
 tainui_area:0 "Waikato"
 tainui_area_name:0 "Waikato"
 tainui_area_adj:0 "Waikatoane"
 chatham_and_auckland_islands_area:0 "Chatham & Auckland Islands"            #Or Rekohu and Motu Maha
 chatham_and_auckland_islands_area_name:0 "Chatham & Auckland Islands"
 chatham_and_auckland_islands_area_adj:0 "Chatham & Auckland Islander"
 
 #BeyondTypus New Areas
 tuamotus_area:0 "Tuamotus"
 tuamotus_area_name:0 "Tuamotus"
 tuamotus_area_adj:0 "Tuamotus"
 sierra_nevada_area:0 "Sierra Nevadas"
 sierra_nevada_area_name:0 "Sierra Nevadas"
 sierra_nevada_area_adj:0 "Sierra Nevadian"
 northern_rockies_area:0 "Northern Rockies"
 northern_rockies_area_name:0 "Northern Rockies"
 northern_rockies_area_adj:0 "Northern Rockies"
 queen_charlotte_sound_area:0 "Queen Charlotte Sound"
 queen_charlotte_sound_area_name:0 "Queen Charlotte Sound"
 queen_charlotte_sound_area_adj:0 "Queen Charlotte Sound"
 northern_cascades_area:0 "Northern Cascades"
 northern_cascades_area_name:0 "Northern Cascades"
 northern_cascades_area_adj:0 "Northern Cascadian"
 southern_cascades_area:0 "Southern Cascades"
 southern_cascades_area_name:0 "Southern Cascades"
 southern_cascades_area_adj:0 "Southern Cascadian"
 northern_rocky_mountains_area:0 "Northern Rockies"
 northern_rocky_mountains_area_name:0 "Northern Rockies"
 northern_rocky_mountains_area_adj:0 "Northern Rockies"
 northern_california_area:0 "Del Norte"
 northern_california_area_name:0 "Del Norte"
 northern_california_area_adj:0 "Del Norte"
 high_desert_area:0 "High Desert"
 high_desert_area_name:0 "High Desert"
 high_desert_area_adj:0 "High Desert"
 utah_area:0 "Utah"
 utah_area_name:0 "Utah"
 utah_area_adj:0 "Utah"
 mojave_area:0 "Mojave"
 mojave_area_name:0 "Mojave"
 mojave_area_adj:0 "Mojave"
 lower_yukon_area:0 "Lower Yukon"
 lower_yukon_area_name:0 "Lower Yukon"
 lower_yukon_area_adj:0 "Lower Yukon"
 upper_yukon_area:0 "Upper Yukon"
 upper_yukon_area_name:0 "Upper Yukon"
 upper_yukon_area_adj:0 "Upper Yukon"
 northern_alaska_area:0 "Northern Alaska"
 northern_alaska_area_name:0 "Northern Alaska"
 northern_alaska_area_adj:0 "Northern Alaska"
 alaskan_coast_area:0 "Alaskan Coast"
 alaskan_coast_area_name:0 "Alaskan Coast"
 alaskan_coast_area_adj:0 "Alaskan Coast"
 sahtu_area:0 "Sahtu"
 sahtu_area_name:0 "Sahtu"
 sahtu_area_adj:0 "Sahtu"
 #tlicho_area:0 "Tlicho"
 #tlicho_area_name:0 "Tlicho"
 #tlicho_area_adj:0 "Tlicho"
 deh_cho_area:0 "Deh Cho"
 deh_cho_area_name:0 "Deh Cho"
 deh_cho_area_adj:0 "Deh Cho"
 denesoline_area:0 "Denésoliné"
 denesoline_area_name:0 "Denésoliné"
 denesoline_area_adj:0 "Denésoliné"
 klondike_area:0 "Klondike"
 klondike_area_name:0 "Klondike"
 klondike_area_adj:0 "Klondike"
 kivalliq_area:0 "Kivalliq"
 kivalliq_area_name:0 "Kivalliq"
 kivalliq_area_adj:0 "Kivalliq"
 qikiqtaaluk_area:0 "Qikiqtaaluk"
 qikiqtaaluk_area_name:0 "Qikiqtaaluk"
 qikiqtaaluk_area_adj:0 "Qikiqtaaluk"
 kativik_area:0 "Kativik"
 kativik_area_name:0 "Kativik"
 kativik_area_adj:0 "Kativik"
 arctic_coast_area:0 "Arctic Coast"
 arctic_coast_area_name:0 "Arctic Coast"
 arctic_coast_area_adj:0 "Arctic Coast"
 peace_river_area:0 "Peace River"
 peace_river_area_name:0 "Peace River"
 peace_river_area_adj:0 "Peace River"
 manitoba_area:0 "Manitoba"
 manitoba_area_name:0 "Manitoba"
 manitoba_area_adj:0 "Manitoba"
 churchill_area:0 "Churchill"
 churchill_area_name:0 "Churchill"
 churchill_area_adj:0 "Churchill"
 northwest_territories_region:0 "Northwest Territories"
 northwest_territories_region_name:0 "Northwest Territories"
 northwest_territories_region_adj:0 "Northwest Territories"
 alaska_region:0 "Alaska"
 alaska_region_name:0 "Alaska"
 alaska_region_adj:0 "Alaska"
 grand_river_area:0 "Upper Grand River"
 grand_river_area_name:0 "Upper Grand River"
 grand_river_area_adj:0 "Upper Grand River"
 lower_grand_river_area:0 "Lower Grand River"
 lower_grand_river_area_name:0 "Lower Grand River"
 lower_grand_river_area_adj:0 "Lower Grand River"
 penobscot_area:0 "Penobscot Bay"
 penobscot_area_name:0 "Penobscot Bay"
 penobscot_area_adj:0 "Penobscot Bay"
 sinaloa_area:0 "Sinaloa"
 sinaloa_area_name:0 "Sinaloa"
 sinaloa_area_adj:0 "Sinaloa"
 southern_rockies:0 "Southern Rockies"
 southern_rockies_name:0 "Southern Rockies"
 southern_rockies_adj:0 "Southern Rockies"
 lakota_area:0 "Lakota"
 lakota_area_name:0 "Lakota"
 lakota_area_adj:0 "Lakota"
 west_dakota_area:0 "James River"           #Don't really like this... note to self - think of better later
 west_dakota_area_name:0 "James River"
 west_dakota_area_adj:0 "James River"
 avalon_area:0 "Avalon"
 avalon_area_name:0 "Avalon"
 avalon_area_adj:0 "Avalon"
 abitibi_area:0 "Abitibi"
 abitibi_area_name:0 "Abitibi"
 abitibi_area_adj:0 "Abitibi"
 upper_james_bay_area:0 "Upper James Bay"
 upper_james_bay_area_name:0 "Upper James Bay"
 upper_james_bay_area_adj:0 "Upper James Bay"
 maritime_islands_area:0 "Maritime Islands"
 maritime_islands_area_name:0 "Maritime Islands"
 maritime_islands_area_adj:0 "Maritime Islands"
 upper_saint_john_river_area:0 "Upper Saint John"
 upper_saint_john_river_area_name:0 "Upper Saint John"
 upper_saint_john_river_area_adj:0 "Upper Saint John"
 southern_colorado_plateau_area:0 "San Juan"
 southern_colorado_plateau_area_name:0 "San Juan"
 southern_colorado_plateau_area_adj:0 "San Juanoan"
 west_cuba_area:0 "West Cuba"
 west_cuba_area_name:0 "West Cuba"
 west_cuba_area_adj:0 "West Cuba"
 west_hispaniola_area:0 "West Hispaniola"
 west_hispaniola_area_name:0 "West Hispaniola"
 west_hispaniola_area_adj:0 "West Hispaniola"
 east_hispaniola_area:0 "East Hispaniola"
 east_hispaniola_area_name:0 "East Hispaniola"
 east_hispaniola_area_adj:0 "East Hispaniola"
 virgin_islands_area:0 "Virgin Islands"
 virgin_islands_area_name:0 "Virgin Islands"
 virgin_islands_area_adj:0 "Virgin Islands"
 leeward_antilles_area:0 "Leeward Antilles"
 leeward_antilles_area_name:0 "Leeward Antilles"
 leeward_antilles_area_adj:0 "Leeward Antilles"
 inner_leeward_islands_area:0 "Inner Leeward Islands"
 inner_leeward_islands_area_name:0 "Inner Leeward Islands"
 inner_leeward_islands_area_adj:0 "Inner Leeward Islands"
 trinidad_and_tobago_area:0 "Trinidad & Tobago"
 trinidad_and_tobago_area_name:0 "Trinidad & Tobago"
 trinidad_and_tobago_area_adj:0 "Trinidad & Tobago"
 stikine_area:0 "Stikine"
 stikine_area_name:0 "Stikine"
 stikine_area_adj:0 "Stikine"
 nunavut_area:0 "Keewatin"
 nunavut_area_name:0 "Keewatin"
 nunavut_area_adj:0 "Keewatin"
 the_barrens_area:0 "The Barrens"
 the_barrens_area_name:0 "The Barrens"
 the_barrens_area_adj:0 "The Barrens"
 east_greenland_area:0 "East Greenland"
 east_greenland_area_name:0 "East Greenland"
 east_greenland_area_adj:0 "East Greenland"
 ungava_area:0 "Ungava"
 ungava_area_name:0 "Ungava"
 ungava_area_adj:0 "Ungava"
 beaufort_coast_area:0 "Beaufort Coast"
 beaufort_coast_area_name:0 "Beaufort Coast"
 beaufort_coast_area_adj:0 "Beaufort Coast"
 
 ######################################
 #####Draiocht's Beyond Typus Version.#####
 ######################################

 pontus_area:0 "East Pontus"
 pontus_area_name:0 "East Pontus"
 pontus_area_adj:0 "East Pontic"
 karasi_area:0 "Mysia"
 karasi_area_name:0 "Mysia"
 karasi_area_adj:0 "Mysian"
 pamphylia_area:0 "Lycia-Pamphylia"
 pamphylia_area_name:0 "Lycia-Pamphylia"
 pamphylia_area_adj:0 "Lycia-Pamphylian"
 
 ######################################
 ####Beyond Typus Sea Overhaul Naming.####
 ######################################
 western_arctic_sea_region:0 "Western Arctic Sea"
 western_arctic_sea_region_name:0 "Western Arctic Sea"
 eastern_arctic_sea_region:0 "Eastern Arctic Sea"
 eastern_arctic_sea_region_name:0 "Eastern Arctic Sea"
 hudson_bay_sea_region:0 "Hudson Bay"
 hudson_bay_sea_region_name:0 "Hudson Bay"
 labrador_sea_region:0 "Labrador Sea"
 labrador_sea_region_name:0 "Labrador Sea"
 east_siberian_sea_area:0 "East Siberian Sea"
 east_siberian_sea_area_name:0 "East Siberian Sea"
 beaufort_sea_area:0 "Beaufort Sea"
 beaufort_sea_area_name:0 "Beaufort Sea"
 arctic_ocean_area:0 "Arctic Archipelago"
 arctic_ocean_area_name:0 "Arctic Archipelago"
 gulf_of_boothia_area:0 "Gulf of Boothia"
 gulf_of_boothia_area_name:0 "Gulf of Boothia"
 foxe_basin_area:0 "Foxe Basin"
 foxe_basin_area_name:0 "Foxe Basin"
 hudson_strait_area:0 "Hudson Strait"
 hudson_strait_area_name:0 "Hudson Strait"
 baffin_bay_area:0 "Baffin Bay"
 baffin_bay_area_name:0 "Baffin Bay"
 grand_banks_sea_area:0 "Grand Banks"
 grand_banks_sea_area_name:0 "Grand Banks"
 true_north_atlantic_sea_area:0 "North Atlantic"
 true_north_atlantic_sea_area_name:0 "North Atlantic"
 
 ######################################
 ####Beyond Typus Sea Overhaul Naming.####
 ######################################
 unused_area:0 "Unknown Lands"
 unused_region:0 "Unknown Lands"