l_french:
 brittany_area:0 "Bretagne"
 brittany_area_name:0 "Bretagne"
 brittany_area_adj:0 "bretonne"
 normandy_area:0 "Normandie"
 normandy_area_name:0 "Normandie"
 normandy_area_adj:0 "normande"
 provence_area:0 "Provence"
 provence_area_name:0 "Provence"
 provence_area_adj:0 "provençale"
 guyenne_area:0 "Guyenne"
 guyenne_area_name:0 "Guyenne"
 guyenne_area_adj:0 "guyennoise"
 poitou_area:0 "Poitou"
 poitou_area_name:0 "Poitou"
 poitou_area_adj:0 "poitevine"
 sahel_region:0 "Sahel"
 sahel_region_name:0 "Sahel"
 sahel_region_adj:0 "sahélienne"
 basque_country:0 "Pays basque"
 basque_country_name:0 "Euskal Herria"
 basque_country_adj:0 "basque"
 pyrenees_area:1 "Gascogne"
 pyrenees_area_name:1 "Gascogne"
 pyrenees_area_adj:1 "gasconne"
 languedoc_area:0 "Languedoc"
 languedoc_area_name:0 "Languedoc"
 languedoc_area_adj:1 "languedocienne"
 bourgogne_area:1 "Bourgogne orientale"
 bourgogne_area_name:0 "Bourgogne"
 bourgogne_area_adj:0 "bourguignonne"
 massif_central_area:1 "Auvergne"
 massif_central_area_name:0 "Auvergne"
 massif_central_area_adj:0 "auvergnate"
 savoy_dauphine_area:0 "Savoie"
 savoy_dauphine_area_name:0 "Savoie"
 savoy_dauphine_area_adj:0 "savoyarde"
 lorraine_area:0 "Lorraine"
 lorraine_area_name:0 "Lorraine"
 lorraine_area_adj:0 "lorraine"
 picardy_area:0 "Picardie"
 picardy_area_name:0 "Picardie"
 picardy_area_adj:0 "picarde"
 champagne_area:0 "Champagne"
 champagne_area_name:0 "Champagne"
 champagne_area_adj:0 "champenoise"
 holland_area:0 "Hollande"
 holland_area_name:0 "Hollande"
 holland_area_adj:0 "hollandaise"
 ile_de_france_area:0 "Île-de-France"
 ile_de_france_area_name:0 "Paris"
 ile_de_france_area_adj:0 "parisienne"
 seine_area:0 "Seine"
 seine_area_name:0 "Paris"
 seine_area_adj:0 "parisienne"
 loire_area:1 "Val de Loire"
 loire_area_name:0 "Anjou"
 loire_area_adj:1 "angevine"
 wallonia_area:0 "Wallonie"
 wallonia_area_name:0 "Wallonie"
 wallonia_area_adj:0 "wallone"
 flanders_area:0 "Flandres"
 flanders_area_name:0 "Flandres"
 flanders_area_adj:0 "flamande"
 brabant_area:1 "Brabant méridional"
 brabant_area_name:0 "Brabant"
 brabant_area_adj:0 "brabançonne"
 netherlands_area:0 "Pays-Bas"
 netherlands_area_name:0 "Pays-Bas"
 netherlands_area_adj:0 "néerlandaise"
 frisia_area:0 "Frise"
 frisia_area_name:0 "Frise"
 frisia_area_adj:0 "frisonne"
 aragon_area:0 "Aragon"
 aragon_area_name:0 "Aragon"
 aragon_area_adj:0 "aragonaise"
 catalonia_area:0 "Catalogne"
 catalonia_area_name:0 "Catalogne"
 catalonia_area_adj:0 "catalane"
 valencia_area:0 "Valencien"
 valencia_area_name:0 "Valencien"
 valencia_area_adj:0 "valencienne"
 lower_andalucia_area:0 "Basse-Andalousie"
 lower_andalucia_area_name:0 "Cordoue"
 lower_andalucia_area_adj:0 "cordouane"
 upper_andalucia_area:0 "Haute-Andalousie"
 upper_andalucia_area_name:0 "Grenade"
 upper_andalucia_area_adj:0 "grenadine"
 castille_area:1 "Castille méridionale"
 castille_area_name:1 "Castille méridionale"
 castille_area_adj:1 "sud-castillane"
 toledo_area:0 "Tolède"
 toledo_area_name:0 "Tolède"
 toledo_area_adj:0 "tolédane"
 asturias_area:1 "Castille septentrionale"
 asturias_area_name:1 "Castille septentrionale"
 asturias_area_adj:0 "nord-castillane"
 leon_area:0 "Léon"
 leon_area_name:0 "Léon"
 leon_area_adj:0 "léonaise"
 basque_area:0 "Pays basque"
 basque_area_name:0 "Pays basque"
 basque_area_adj:0 "basque"
 beieras_area:0 "Beira"
 beieras_area_name:0 "Beira"
 beieras_area_adj:0 "beiraise"
 alentejo_area:0 "Alentejo"
 alentejo_area_name:0 "Alentejo"
 alentejo_area_adj:0 "alentéjane"
 macaronesia_area:0 "Macaronésie"
 macaronesia_area_name:0 "Macaronésie"
 macaronesia_area_adj:0 "macaronésienne"
 venetia_area:0 "Vénétie"
 venetia_area_name:0 "Vénétie"
 venetia_area_adj:0 "vénète"
 lombardy_area:0 "Lombardie"
 lombardy_area_name:0 "Lombardie"
 lombardy_area_adj:0 "lombarde"
 piedmont_area:0 "Piémont"
 piedmont_area_name:0 "Piémont"
 piedmont_area_adj:0 "piémontaise"
 tuscany_area:0 "Toscane"
 tuscany_area_name:0 "Toscane"
 tuscany_area_adj:0 "toscane"
 liguria_area:0 "Ligurie"
 liguria_area_name:0 "Ligurie"
 liguria_area_adj:0 "ligurienne"
 corsica_sardinia_area:1 "Îles de Méditerranée occidentale"
 corsica_sardinia_area_name:0 "Sardaigne"
 corsica_sardinia_area_adj:0 "sarde"
 sicily_area:1 "Sicile orientale"
 sicily_area_name:1 "Sicile orientale"
 sicily_area_adj:1 "est-sicilienne"
 naples_area:2 "Campanie"
 naples_area_name:0 "Naples"
 naples_area_adj:0 "napolitaine"
 calabria_area:0 "Calabre"
 calabria_area_name:0 "Calabre"
 calabria_area_adj:0 "calabraise"
 apulia_area:0 "Apulie"
 apulia_area_name:0 "Apulie"
 apulia_area_adj:0 "apulienne"
 emilia_romagna_area:0 "Émilie-Romagne"
 emilia_romagna_area_name:0 "Émilie"
 emilia_romagna_area_adj:0 "émilienne"
 central_italy_area:1 "Marches-Abruzzes"
 central_italy_area_name:1 "Marches"
 central_italy_area_adj:1 "marchitaine"
 ireland_area:0 "Irlande"
 ireland_area_name:0 "Irlande"
 ireland_area_adj:0 "irlandaise"
 highlands_area:0 "Highlands"
 highlands_area_name:0 "Highlands"
 highlands_area_adj:0 "highlandaise"
 lowlands_area:0 "Lowlands"
 lowlands_area_name:0 "Lowlands"
 lowlands_area_adj:0 "lowlandaise"
 kingdom_of_the_isles_area:0 "Îles"
 kingdom_of_the_isles_area_name:0 "Man"
 kingdom_of_the_isles_area_adj:0 "mannoise"
 east_midlands_area:0 "Midlands de l'Est"
 east_midlands_area_name:0 "Mercie"
 east_midlands_area_adj:0 "mercienne"
 west_midlands_area:0 "Midlands de l'Ouest"
 west_midlands_area_name:0 "Lincolnshire"
 west_midlands_area_adj:0 "lincolnienne"
 yorkshire_area:0 "Yorkshire"
 yorkshire_area_name:0 "York"
 yorkshire_area_adj:0 "yorkaise"
 scottish_marches_area:1 "Angleterre du Nord"
 scottish_marches_area_name:1 "Northumbrie"
 scottish_marches_area_adj:1 "northumbrienne"
 home_counties_area:0 "Home Counties"
 home_counties_area_name:0 "Anglie"
 home_counties_area_adj:0 "anglienne"
 wales_area:0 "Pays de Galles"
 wales_area_name:0 "Pays de Galles"
 wales_area_adj:0 "galloise"
 northern_england_area:0 "Northumbrie"
 northern_england_area_name:0 "Northumbrie"
 northern_england_area_adj:0 "northumbrienne"
 mercia_area:0 "Mercie"
 mercia_area_name:0 "Mercie"
 mercia_area_adj:0 "mercienne"
 wessex_area:0 "Wessex"
 wessex_area_name:0 "Wessex"
 wessex_area_adj:0 "wessexienne"
 east_anglia_area:0 "Est-Anglie"
 east_anglia_area_name:0 "Anglie"
 east_anglia_area_adj:0 "angliane"
 denmark_area:0 "Danemark"
 denmark_area_name:0 "Danemark"
 denmark_area_adj:0 "danoise"
 jutland_area:0 "Jutland"
 jutland_area_name:0 "Jutland"
 jutland_area_adj:0 "jutlandaise"
 skaneland_area:0 "Scanie"
 skaneland_area_name:0 "Skåneland"
 skaneland_area_adj:0 "scanienne"
 gotaland_area:1 "Gothie orientale"
 gotaland_area_name:0 "Götaland"
 gotaland_area_adj:0 "götalandaise"
 vastra_gotaland_area:0 "Gothie occidentale"
 vastra_gotaland_area_adj:0 "skarienne"
 vastra_gotaland_area_name:0 "Skaraborg"
 svealand_area:1 "Svealand occidental"
 svealand_area_name:0 "Suède"
 svealand_area_adj:0 "suédoise"
 ostra_svealand_area:0 "Svealand oriental"
 ostra_svealand_area_name:0 "Dalécarlie"
 ostra_svealand_area_adj:0 "dalécarlienne"
 baltic_islands_area:0 "Îles de la Baltique"
 baltic_islands_area_name:0 "Baltie"
 baltic_islands_area_adj:0 "baltique"
 norrland_area:0 "Norrland"
 norrland_area_name:0 "Norrland"
 norrland_area_adj:0 "norrlandaise"
 finland_area:0 "Finlande"
 finland_area_name:0 "Finlande"
 finland_area_adj:0 "finnoise"
 karelia_area:1 "Carélie méridionale"
 karelia_area_name:0 "Carélie"
 karelia_area_adj:0 "carélienne"
 north_karelia:0 "Carélie septentrionale"
 north_karelia_adj:0 "olonetsienne"
 north_karelia_name:0 "Olonets"
 northern_norway:1 "Nordlandet"
 northern_norway_name:0 "Trøndelag"
 northern_norway_adj:0 "trøndelagoise"
 eastern_norway:0 "Østlandet"
 eastern_norway_name:0 "Norvège"
 eastern_norway_adj:0 "norvégienne"
 western_norway:0 "Vestlandet"
 western_norway_name:0 "Bergenshus"
 western_norway_adj:0 "bergenshussoise"
 subarctic_islands_area:2 "Îles de l'Atlantique nord"
 subarctic_islands_area_name:0 "Féroés"
 subarctic_islands_area_adj:1 "féroée"
 greenland_area:0 "Groenland"
 greenland_area_name:0 "Groenland"
 greenland_area_adj:0 "groenlandaise"
 iceland_area:0 "Islande"
 iceland_area_name:0 "Islande"
 iceland_area_adj:0 "islandaise"
 estonia_ingria_area:0 "Estonie"
 estonia_ingria_area_name:0 "Estonie"
 estonia_ingria_area_adj:0 "estonienne"
 livonia_area:0 "Livonie"
 livonia_area_name:0 "Livonie"
 livonia_area_adj:0 "livonienne"
 curonia_area:0 "Courlande"
 curonia_area_name:0 "Courlande"
 curonia_area_adj:0 "courlandaise"
 east_prussia_area:0 "Prusse orientale"
 east_prussia_area_name:0 "Prusse"
 east_prussia_area_adj:0 "prussienne"
 west_prussia_area:0 "Prusse occidentale"
 west_prussia_area_name:1 "Pays de Kulm"
 west_prussia_area_adj:1 "kulmienne"
 pomerelia_area:0 "Pomérélie"
 pomerelia_area_name:0 "Pomérélie"
 pomerelia_area_adj:0 "pomérélienne"
 wielkopolska_area:0 "Grande-Pologne"
 wielkopolska_area_name:0 "Grande-Pologne"
 wielkopolska_area_adj:0 "grande-polonaise"
 central_poland_area:0 "Pologne centrale"
 central_poland_area_name:0 "Pologne centrale"
 central_poland_area_adj:0 "centre-polonaise"
 sandomierz_area:0 "Sandomir"
 sandomierz_area_name:0 "Sandomir"
 sandomierz_area_adj:0 "sandomirienne"
 kuyavia_area:0 "Cujavie"
 kuyavia_area_name:0 "Cujavie"
 kuyavia_area_adj:0 "cujavienne"
 malopolska_area:0 "Petite-Pologne"
 malopolska_area_name:0 "Petite-Pologne"
 malopolska_area_adj:0 "petite-polonaise"
 podolia_volhynia_area:1 "Podolie"
 podolia_volhynia_area_name:1 "Podolie"
 podolia_volhynia_area_adj:1 "podolienne"
 pripyat_area:0 "Pripiat"
 pripyat_area_name:0 "Brest"
 pripyat_area_adj:0 "brestoise"
 podlasie_area:0 "Podlasie"
 podlasie_area_name:0 "Podlasie"
 podlasie_area_adj:0 "podlasienne"
 mazovia_area:0 "Mazovie"
 mazovia_area_name:0 "Mazovie"
 mazovia_area_adj:0 "mazovienne"
 lithuania_area:2 "Haute-Lithuanie"
 lithuania_area_name:1 "Haute-Lithuanie"
 lithuania_area_adj:1 "haute-lithuanienne"
 samogitia_area:0 "Samogitie"
 samogitia_area_name:0 "Samogitie"
 samogitia_area_adj:0 "samogitienne"
 volhynia_area:0 "Volhynie"
 volhynia_area_name:0 "Volhynie"
 volhynia_area_adj:0 "volhynienne"
 west_dniepr_area:0 "Dniepr occidental"
 west_dniepr_area_name:0 "Tcherkassy"
 west_dniepr_area_adj:0 "tcherkassienne"
 east_dniepr_area:0 "Dniepr oriental"
 east_dniepr_area_name:0 "Poltava"
 east_dniepr_area_adj:0 "poltavienne"
 chernigov_area:0 "Tchernigov"
 chernigov_area_name:0 "Tchernigov"
 chernigov_area_adj:0 "tchernigovienne"
 sloboda_ukraine_area:0 "Ukraine Sloboda"
 sloboda_ukraine_area_name:0 "Kharkov"
 sloboda_ukraine_area_adj:0 "kharkovienne"
 azov_area:0 "Azov"
 azov_area_name:0 "Azovie"
 azov_area_adj:0 "azovienne"
 zaporizhia_area:0 "Zaporoguie"
 zaporizhia_area_name:0 "Zaporoguie"
 zaporizhia_area_adj:0 "zaporogue"
 yedisan_area:0 "Yédisan"
 yedisan_area_name:0 "Yédisan"
 yedisan_area_adj:0 "yédisanaise"
 crimea_area:0 "Crimée"
 crimea_area_name:0 "Crimée"
 crimea_area_adj:0 "criméenne"
 white_ruthenia_area:0 "Ruthénie blanche"
 white_ruthenia_area_adj:0 "Ruthénie blanche"
 white_ruthenia_area_name:0 "ruthène blanche"
 red_ruthenia_area:0 "Ruthénie rouge"
 red_ruthenia_area_name:0 "Ruthénie rouge"
 red_ruthenia_area_adj:0 "ruthène rouge"
 ryazan_area:0 "Riazan"
 ryazan_area_name:0 "Riazan"
 ryazan_area_adj:0 "riazanaise"
 moscow_area:0 "Moscovie"
 moscow_area_name:0 "Moscovie"
 moscow_area_adj:0 "moscovite"
 suzdal_area:0 "Souzdal"
 suzdal_area_name:0 "Souzdal"
 suzdal_area_adj:0 "souzdalienne"
 smolensk_area:0 "Smolensk"
 smolensk_area_name:0 "Smolensk"
 smolensk_area_adj:0 "smolenskoise"
 novgorod_area:0 "Novgorod"
 novgorod_area_name:0 "Novgorod"
 novgorod_area_adj:0 "novgorodienne"
 pskov_area:0 "Pskov"
 pskov_area_name:0 "Pskov"
 pskov_area_adj:0 "pskovienne"
 beloozero_area:0 "Beloozero"
 beloozero_area_name:0 "Beloozero"
 beloozero_area_adj:0 "béloozérienne"
 astrakhan_area:0 "Astrakhan"
 astrakhan_area_name:0 "Astrakhan"
 astrakhan_area_adj:0 "astracanienne"
 lower_don_area:0 "Don inférieur"
 lower_don_area_name:0 "Tcherkassk"
 lower_don_area_adj:0 "tcherkasskienne"
 kazan_area:0 "Kazan"
 kazan_area_name:0 "Kazan"
 kazan_area_adj:0 "kazanaise"
 samara_area:0 "Samara"
 samara_area_name:0 "Samara"
 samara_area_adj:0 "samarienne"
 lower_yik_area:0 "Bas-Yik"
 lower_yik_area_name:0 "Ryn"
 lower_yik_area_adj:0 "rynienne"
 nogai_area:0 "Nogaï"
 nogai_area_name:0 "Nogaï"
 nogai_area_adj:0 "nogaïe"
 ural_area:0 "Oural"
 ural_area_name:0 "Oural"
 ural_area_adj:0 "ouralienne"
 pomor_area:0 "Pomorie"
 pomor_area_name:0 "Pomorie"
 pomor_area_adj:0 "pomore"
 bashkiria_area:0 "Bachkirie"
 bashkiria_area_name:0 "Bachkirie"
 bashkiria_area_adj:0 "bachkire"
 galich_area:0 "Galicie"
 galich_area_name:0 "Galicie"
 galich_area_adj:0 "galicienne"
 kama_area:0 "Kama"
 kama_area_name:0 "Kama"
 kama_area_adj:0 "kaméenne"
 tambov_area:0 "Tambov"
 tambov_area_name:0 "Tambov"
 tambov_area_adj:0 "tambovienne"
 saratov_area:0 "Saratov"
 saratov_area_name:0 "Saratov"
 saratov_area_adj:0 "saratovienne"
 silesia_area:0 "Silésie"
 silesia_area_name:0 "Silésie"
 silesia_area_adj:0 "silésienne"
 bohemia_area:0 "Bohême"
 bohemia_area_name:0 "Bohême"
 bohemia_area_adj:0 "bohémienne"
 erzgebirge_area:0 "Monts métallifères"
 erzgebirge_area_name:0 "Pilsen"
 erzgebirge_area_adj:0 "pilsenoise"
 south_saxony_area:1 "Saxe"
 south_saxony_area_name:0 "Misnie"
 south_saxony_area_adj:0 "misnienne"
 lower_bavaria_area:0 "Basse-Bavière"
 lower_bavaria_area_name:0 "Haut-Palatinat"
 lower_bavaria_area_adj:0 "haute-palatine"
 upper_bavaria_area:0 "Haute-Bavière"
 upper_bavaria_area_name:0 "Bavière"
 upper_bavaria_area_adj:0 "bavaroise"
 franconia_area:1 "Basse-Franconie"
 franconia_area_name:1 "Basse-Franconie"
 franconia_area_adj:1 "basse-franconienne"
 lower_swabia_area:1 "Souabe occidentale"
 lower_swabia_area_name:0 "Souabe"
 lower_swabia_area_adj:0 "souabe"
 upper_swabia_area:1 "Souabe orientale"
 upper_swabia_area_name:0 "Constance"
 upper_swabia_area_adj:0 "constançoise"
 northern_saxony_area:1 "Saxe-Anhalt"
 northern_saxony_area_name:0 "Altmark"
 northern_saxony_area_adj:0 "altmarkoise"
 thuringia_area:0 "Thuringe"
 thuringia_area_name:0 "Thuringe"
 thuringia_area_adj:0 "thuringienne"
 neumark_area:0 "Neumark"
 neumark_area_name:0 "Neumark"
 neumark_area_adj:0 "neumarkoise"
 mittelmark_area:0 "Mittelmark"
 mittelmark_area_name:0 "Mittelmark"
 mittelmark_area_adj:0 "mittelmarkoise"
 vorpommern_area:0 "Poméranie antérieure"
 vorpommern_area_name:0 "Poméranie antérieure"
 vorpommern_area_adj:0 "poméranienne occidentale"
 hinter_pommern_area:0 "Poméranie ultérieure"
 hinter_pommern_area_name:0 "Poméranie ultérieure"
 hinter_pommern_area_adj:0 "poméranienne orientale"
 tirol_area:0 "Tyrol"
 tirol_area_name:0 "Tyrol"
 tirol_area_adj:0 "tyrolienne"
 austria_proper_area:0 "Autriche"
 austria_proper_area_name:0 "Austriche"
 austria_proper_area_adj:0 "autrichienne"
 inner_austria_area:0 "Autriche intérieure"
 inner_austria_area_name:0 "Carinthie"
 inner_austria_area_adj:0 "carinthienne"
 carinthia_area:0 "Carniole"
 carinthia_area_name:0 "Carniole"
 carinthia_area_adj:0 "carniolienne"
 switzerland_area:0 "Suisse"
 switzerland_area_name:0 "Suisse"
 switzerland_area_adj:0 "suisse"
 romandie_area:0 "Romandie"
 romandie_area_name:0 "Romandie"
 romandie_area_adj:0 "romande"
 upper_rhineland_area:1 "Bade"
 upper_rhineland_area_name:0 "Bade"
 upper_rhineland_area_adj:0 "badoise"
 palatinate_area:0 "Palatinat"
 palatinate_area_name:0 "Palatinat"
 palatinate_area_adj:0 "palatine"
 north_rhine_area:0 "Rhénanie du Nord"
 north_rhine_area_name:0 "Clèves"
 north_rhine_area_adj:0 "clèvoise"
 lower_rhineland_area:0 "Basse-Rhénanie"
 lower_rhineland_area_name:0 "Juliers"
 lower_rhineland_area_adj:0 "juliersoise"
 luxemburg_liege_area:0 "Liège"
 luxemburg_liege_area_name:0 "Liège"
 luxemburg_liege_area_adj:0 "liégeoise"
 westphalia_area:1 "Westphalie méridionale"
 westphalia_area_name:0 "Westphalie"
 westphalia_area_adj:0 "westphalienne"
 hesse_area:0 "Hesse"
 hesse_area_name:0 "Hesse"
 hesse_area_adj:0 "Hessoise"
 lower_saxony_area:0 "Basse-Saxe"
 lower_saxony_area_name:0 "Callenberg"
 lower_saxony_area_adj:0 "callenbergeoise"
 weser_area:0 "Weser"
 weser_area_name:0 "Brême"
 weser_area_adj:0 "brêmoise"
 holstein_area:1 "Slesvig-Holstein"
 holstein_area_name:0 "Holstein"
 holstein_area_adj:0 "holsteinoise"
 braunschweig_area:0 "Brunswick"
 braunschweig_area_name:0 "Brunswick"
 braunschweig_area_adj:0 "brunswickoise"
 mecklenburg_area:0 "Mecklembourg"
 mecklenburg_area_name:0 "Mecklembourg"
 mecklenburg_area_adj:0 "mecklembourgeoise"
 macedonia_area:0 "Macédoine"
 macedonia_area_name:0 "Macédoine"
 macedonia_area_adj:0 "macédonienne"
 morea_area:0 "Morée"
 morea_area_name:0 "Morée"
 morea_area_adj:0 "moréenne"
 northern_greece_area:0 "Grèce septentrionale"
 northern_greece_area_name:0 "Thessalie"
 northern_greece_area_adj:0 "thessalienne"
 thrace_area:0 "Thrace"
 thrace_area_name:0 "Thrace"
 thrace_area_adj:0 "thracienne"
 bulgaria_area:0 "Bulgarie"
 bulgaria_area_name:0 "Bulgarie"
 bulgaria_area_adj:0 "bulgare"
 wallachia_area:0 "Valachie"
 wallachia_area_name:0 "Valachie"
 wallachia_area_adj:0 "valaque"
 moldavia_area:0 "Moldavie"
 moldavia_area_name:0 "Moldavie"
 moldavia_area_adj:0 "moldave"
 transylvania_area:1 "Transylvanie septentrionale"
 transylvania_area_name:0 "Transylvanie"
 transylvania_area_adj:0 "transylvaine"
 southern_transylvania_area:0 "Transylvanie méridionale"
 southern_transylvania_area_name:0 "Királyföld"
 southern_transylvania_area_adj:0 "királyenne"
 slovakia_area:0 "Slovaquie"
 slovakia_area_name:0 "Slovaquie"
 slovakia_area_adj:0 "slovaque"
 serbia_area:0 "Serbie"
 serbia_area_name:0 "Serbie"
 serbia_area_adj:0 "serbe"
 rascia_area:0 "Rascie"
 rascia_area_name:0 "Rascie"
 rascia_area_adj:0 "rascienne"
 albania_area:0 "Albanie"
 albania_area_name:0 "Albanie"
 albania_area_adj:0 "albanaise"
 bosnia_area:0 "Bosnie"
 bosnia_area_name:0 "Bosnie"
 bosnia_area_adj:0 "bosnienne"
 croatia_area:0 "Croatie"
 croatia_area_name:0 "Croatie"
 croatia_area_adj:0 "croate"
 east_adriatic_coast_area:1 "Dalmatie"
 east_adriatic_coast_area_name:0 "Dalmatie"
 east_adriatic_coast_area_adj:0 "dalmatienne"
 alfold_area:0 "Alföld"
 alfold_area_name:0 "Debrecen"
 alfold_area_adj:0 "débrécénoise"
 transdanubia_area:0 "Transdanubie"
 transdanubia_area_name:0 "Transdanubie"
 transdanubia_area_adj:0 "transdanubienne"
 odishi_area:0 "Odishi"
 odishi_area_name:0 "Iméréthie"
 odishi_area_adj:0 "iméréthienne"
 armenia_area:0 "Arménie"
 armenia_area_name:0 "Arménie"
 armenia_area_adj:0 "arménienne"
 north_kurdistan_area:1 "Kurdistan"
 north_kurdistan_area_name:0 "Kurdistan"
 north_kurdistan_area_adj:0 "kurde"
 shirvan_area:0 "Chirvan"
 shirvan_area_name:0 "Chirvan"
 shirvan_area_adj:0 "chirvane"
 circassia_area:0 "Circassie"
 circassia_area_name:0 "Circassie"
 circassia_area_adj:0 "circassienne"
 dagestan_area:0 "Daguestan"
 dagestan_area_name:0 "Daguestan"
 dagestan_area_adj:0 "daguestanaise"
 rum_area:0 "Roum"
 rum_area_name:0 "Roum"
 rum_area_adj:0 "roumane"
 erzurum_area:0 "Erzurum"
 erzurum_area_name:0 "Erzurum"
 erzurum_area_adj:0 "erzurumienne"
 karaman_area:0 "Karamanie"
 karaman_area_name:0 "Karamanie"
 karaman_area_adj:0 "karamanide"
 hudavendigar_area:0 "Hüdavendigâr"
 hudavendigar_area_name:1 "Brousse"
 hudavendigar_area_adj:1 "broussienne"
 aydin_area:0 "Aydin"
 aydin_area_name:0 "Aydin"
 aydin_area_adj:0 "aydenide"
 kastamonu_area:1 "Karadeniz"
 kastamonu_area_name:0 "Kastamonu"
 kastamonu_area_adj:0 "kastamonide"
 aleppo_area:0 "Alep"
 aleppo_area_name:0 "Cilicie"
 aleppo_area_adj:0 "cilicienne"
 syria_area:0 "Syrie"
 syria_area_name:0 "Syrie"
 syria_area_adj:0 "syrienne"
 palestine_area:0 "Palestine"
 palestine_area_name:0 "Palestine"
 palestine_area_adj:0 "palestinienne"
 dulkadir_area:0 "Dulkadir"
 dulkadir_area_name:0 "Dulkadir"
 dulkadir_area_adj:0 "dulkadiride"
 eastern_mediterrenean_islands_area:0 "Îles de Méditerranée orientale"
 eastern_mediterrenean_islands_area_name:0 "Rhodes"
 eastern_mediterrenean_islands_area_adj:0 "rhodienne"
 eastern_aegean_area:0 "Égée orientale"
 eastern_aegean_area_name:0 "Lesbos"
 eastern_aegean_area_adj:0 "mytilinienne"
 western_aegean_area:0 "Égée occidentale"
 western_aegean_area_name:0 "Eubée"
 western_aegean_area_adj:0 "eubéenne"
 rakka_area:0 "Raqqa"
 rakka_area_name:0 "Raqqa"
 rakka_area_adj:0 "raqqoise"
 al_jazira_area:0 "Djéziré"
 al_jazira_area_name:0 "Djéziré"
 al_jazira_area_adj:0 "djéziriote"
 iraq_arabi_area:0 "Iraq arabe"
 iraq_arabi_area_name:0 "Iraq"
 iraq_arabi_area_adj:0 "iraquienne"
 basra_area:0 "Bassora"
 basra_area_name:0 "Bassora"
 basra_area_adj:0 "bassorienne"
 south_kurdistan_area:0 "Kurdistan méridional"
 south_kurdistan_area_name:0 "Sharazur"
 south_kurdistan_area_adj:0 "sharazurienne"
 bahrain_area:0 "Bahreïn"
 bahrain_area_name:0 "Bahreïn"
 bahrain_area_adj:0 "bahreïnie"
 sarat_area:0 "as-Sarawât"
 sarat_area_name:0 "Sarawât"
 sarat_area_adj:0 "sarawâti"
 pirate_coast_area:0 "Côte des pirates"
 pirate_coast_area_adj:0 "Banî Yâs"
 pirate_coast_area_name:0 "banî yâs"
 yamamah_area:0 "al-Yamâma"
 yamamah_area_name:0 "Najd"
 yamamah_area_adj:0 "najdi"
 qasim_area:0 "al-Qasîm"
 qasim_area_name:0 "Qasim"
 qasim_area_adj:0 "qasîmi"
 hejaz_area:0 "Hedjâz"
 hejaz_area_name:0 "Hedjâz"
 hejaz_area_adj:0 "hedjâzi"
 tabuk_area:0 "Tabouk"
 tabuk_area_name:0 "Tabouk"
 tabuk_area_adj:0 "taboukite"
 yemen_area:1 "Bas-Yémen"
 yemen_area_name:0 "Yémen"
 yemen_area_adj:0 "yéménite"
 hadramut_area:0 "Hadramaout"
 hadramut_area_name:0 "Hadramaout"
 hadramut_area_adj:0 "hadramaoute"
 dhofar_area:0 "Dhofar"
 dhofar_area_name:0 "Dhofar"
 dhofar_area_adj:0 "dhofari"
 oman_area:0 "Oman"
 oman_area_name:0 "Oman"
 oman_area_adj:0 "omanaise"
 gharbia_area:0 "Gharbia"
 gharbia_area_name:0 "Alexandrie"
 gharbia_area_adj:0 "alexandrine"
 sharqiya_area:0 "Charqiya"
 sharqiya_area_name:0 "Sinaï"
 sharqiya_area_adj:0 "sinaïte"
 central_egypt_area:0 "Égypte centrale"
 central_egypt_area_name:0 "Égypte"
 central_egypt_area_adj:0 "égyptienne"
 upper_egypt_area:0 "Haute-Égypte"
 upper_egypt_area_name:0 "Assouan"
 upper_egypt_area_adj:0 "assouanaise"
 libyan_desert_area:0 "Désert de Lybie"
 libyan_desert_area_name:0 "Kharga"
 libyan_desert_area_adj:0 "khargane"
 cyrenaica_area:0 "Cyrénaïque"
 cyrenaica_area_name:0 "Cyrénaïque"
 cyrenaica_area_adj:0 "cyrénaïique"
 tripolitania_area:0 "Tripolitaine"
 tripolitania_area_name:0 "Tripolitaine"
 tripolitania_area_adj:0 "tripolitaine"
 fezzan_area:0 "Fezzan"
 fezzan_area_name:0 "Fezzan"
 fezzan_area_adj:0 "fezzane"
 tunisia_area:0 "Tunisie"
 tunisia_area_name:0 "Tunisie"
 tunisia_area_adj:0 "tunisienne"
 kabylia_area:0 "Kabylie"
 kabylia_area_name:0 "Kabylie"
 kabylia_area_adj:0 "kabyle"
 algiers_area:0 "Tlemcénois"
 algiers_area_name:0 "Tlemcénois"
 algiers_area_adj:0 "tlemcénoise"
 hautes_plaines_area:0 "Hauts Plateaux"
 hautes_plaines_area_name:0 "Titteri"
 hautes_plaines_area_adj:0 "tittérienne"
 ouled_nail_area:0 "Ouled Naïl"
 ouled_nail_area_name:0 "Ouled Naïl"
 ouled_nail_area_adj:0 "ouled naïl"
 djerba_area:0 "Djerba"
 djerba_area_name:0 "Djerba"
 djerba_area_adj:0 "djerbienne"
 north_saharan_area:0 "Sahara septentrional"
 north_saharan_area_name:0 "Djérid"
 north_saharan_area_adj:0 "djéridi"
 tafilalt_area:0 "Tafilalet"
 tafilalt_area_name:0 "Tafilalet"
 tafilalt_area_adj:0 "filalie"
 sus_area:0 "Souss"
 sus_area_name:0 "Souss"
 sus_area_adj:0 "soussienne"
 marrekesh_area:1 "Maroc central"
 marrekesh_area_name:0 "Marrakech"
 marrekesh_area_adj:0 "marrekchie"
 western_morocco_area:0 "Gharb"
 western_morocco_area_name:0 "Safi"
 western_morocco_area_adj:0 "safienne"
 southern_morocco_area:0 "Maroc méridional"
 southern_morocco_area_name:0 "Sa'diyâ"
 southern_morocco_area_adj:0 "as-sa'diyûn"
 fez_area:0 "Fez"
 fez_area_name:0 "Fez"
 fez_area_adj:0 "fassie"
 northern_morocco_area:0 "Maroc septentrional"
 northern_morocco_area_name:0 "Ceuta"
 northern_morocco_area_adj:0 "ceutienne"
 madagascar_area:0 "Madagascar"
 madagascar_area_name:0 "Madagascar"
 madagascar_area_adj:0 "malgache"
 bunyoro_area:0 "Bunyoro"
 bunyoro_area_name:0 "Bunyoro"
 bunyoro_area_adj:0 "bunyoro"
 uganda_area:0 "Ouganda"
 uganda_area_name:0 "Ouganda"
 uganda_area_adj:0 "ougandaise"
 rwanda_area:0 "Rwanda"
 rwanda_area_name:0 "Rwanda"
 rwanda_area_adj:0 "rwandaise"
 jubba_area:0 "Jubba"
 jubba_area_name:0 "Jubba"
 jubba_area_adj:0 "jubba"
 tanzania_area:0 "Tanzanie"
 tanzania_area_name:0 "Tanzanie"
 tanzania_area_adj:0 "tanzanienne"
 buha_area:0 "Buha"
 buha_area_name:0 "Buha"
 buha_area_adj:0 "buha"
 buzinza_area:0 "Buzinza"
 buzinza_area_name:0 "Buzinza"
 buzinza_area_adj:0 "buzinza"
 luba_area:0 "Luba"
 luba_area_name:0 "Luba"
 luba_area_adj:0 "luba"
 katanga_area:0 "Shaba"
 katanga_area_name:0 "Katanga"
 katanga_area_adj:0 "katangaise"
 chokwe_area:0 "Tchokwé"
 chokwe_area_name:0 "Tchokwé"
 chokwe_area_adj:0 "tchokwé"
 zambia_area:0 "Zambie"
 zambia_area_name:0 "Zambie"
 zambia_area_adj:0 "zambienne"
 lower_zambezi_area:0 "Bas-Zambèze"
 lower_zambezi_area_name:0 "Zambèze"
 lower_zambezi_area_adj:0 "zambèze"
 upper_zambezi_area:0 "Haut-Zambèze"
 upper_zambezi_area_name:1 "Nsenga"
 upper_zambezi_area_adj:1 "nsenga"
 butua_area:0 "Butwa"
 butua_area_name:0 "Butwa"
 butua_area_adj:0 "butwa"
 shire_area:0 "Shire"
 shire_area_name:0 "Malawi"
 shire_area_adj:0 "malawite"
 coastal_kongo:0 "Côtes du Congo"
 coastal_kongo_name:0 "Soyo"
 coastal_kongo_adj:0 "soyense"
 lower_kasai:0 "Bas-Kasaï"
 lower_kasai_name:0 "Téké"
 lower_kasai_adj:0 "téké"
 sankuru_area:0 "Sankuru"
 sankuru_area_adj:0 "Sankuru"
 sankuru_area_name:0 "sankuru"
 kasai_area:0 "Kasaï"
 kasai_area_name:0 "Kasaï"
 kasai_area_adj:0 "kasaï"
 matamba_area:0 "Matamba"
 matamba_area_name:0 "Matamba"
 matamba_area_adj:0 "matamba"
 ngonde_area:0 "Ngonde"
 ngonde_area_adj:0 "ngonde"
 ngonde_area_name:0 "Ngonde"
 uticulo_makuana_area:0 "Makua"
 uticulo_makuana_area_name:0 "Makua"
 uticulo_makuana_area_adj:0 "makua"
 ruvuma_area:0 "Ruvuma"
 ruvuma_area_name:0 "Ruvuma"
 ruvuma_area_adj:0 "ruvuma"
 zimbabwe_area:0 "Zimbabwe"
 zimbabwe_area_name:0 "Zimbabwe"
 zimbabwe_area_adj:0 "zimbabwéenne"
 mozambique_area:0 "Mozambique"
 mozambique_area_name:0 "Mozambique"
 mozambique_area_adj:0 "mozambicaine"
 central_swahili_coast_area:0 "Côte centrale des Swahilis"
 central_swahili_coast_area_name:0 "Zanzibar"
 central_swahili_coast_area_adj:0 "zanzibaroise"
 mombasa_area:0 "Mombassa"
 mombasa_area_name:0 "Mombassa"
 mombasa_area_adj:0 "mombassienne"
 northern_swahili_coast_area:0 "Côte septentrionale des Swahilis"
 northern_swahili_coast_area_name:1 "Paté"
 northern_swahili_coast_area_adj:1 "patéenne"
 east_african_islands_area:0 "Îles d'Afrique orientale"
 east_african_islands_area_name:0 "Kilwa"
 east_african_islands_area_adj:0 "kilwane"
 ogaden_area:0 "Ogaden"
 ogaden_area_name:0 "Ogaden"
 ogaden_area_adj:0 "ogadinie"
 darfur_central_sahara_area:0 "Sahara central"
 darfur_central_sahara_area_name:0 "Darfour"
 darfur_central_sahara_area_adj:0 "darfourie"
 kurdufan_area:0 "Kordofan"
 kurdufan_area_name:0 "Kordofan"
 kurdufan_area_adj:0 "kordofanie"
 lower_nubia_area:0 "Basse-Nubie"
 lower_nubia_area_name:0 "Nubie"
 lower_nubia_area_adj:0 "nubienne"
 sennar_area:0 "Sennar"
 sennar_area_name:0 "Sannâr"
 sennar_area_adj:0 "sannâri"
 dongola_area:0 "Dongola"
 dongola_area_name:0 "Dongola"
 dongola_area_adj:0 "dongola"
 upper_nubia_area:0 "Haute-Nubie"
 upper_nubia_area_name:0 "Alodie"
 upper_nubia_area_adj:0 "alodienne"
 red_sea_coast_area:0 "Côtes de la mer Rouge"
 red_sea_coast_area_name:0 "Medri Bâhri"
 red_sea_coast_area_adj:0 "medri bâhrie"
 aussa_area:0 "Awsa"
 aussa_area_name:0 "Awsa"
 aussa_area_adj:0 "awsa"
 tigray_area:0 "Tigré"
 tigray_area_name:0 "Tigré"
 tigray_area_adj:0 "tigréenne"
 damot_area:0 "Damot"
 damot_area_name:0 "Damot"
 damot_area_adj:0 "damot"
 shewa_area:0 "Choa"
 shewa_area_name:0 "Shewa"
 shewa_area_adj:0 "shewa"
 bete_amhara_area:1 "Bêta Amhâra"
 ifat_area:0 "Ifat"
 ifat_area_name:0 "Ifat"
 ifat_area_adj:0 "ifate"
 somaliland_area:0 "Côte des Somalis"
 somaliland_area_name:0 "Côte des Somalis"
 somaliland_area_adj:0 "somalienne"
 southern_ethiopia_area:0 "Kaffa"
 southern_ethiopia_area_name:0 "Kaffa"
 southern_ethiopia_area_adj:0 "kaffa"
 hadiya_area:0 "Hadiya"
 hadiya_area_name:0 "Hadiya"
 hadiya_area_adj:0 "hadiya"
 central_ethiopia_area:0 "Éthiopie centrale"
 central_ethiopia_area_name:0 "Éthiopie"
 central_ethiopia_area_adj:0 "éthiopienne"
 mogadishu_area:0 "Mogadiscio"
 mogadishu_area_name:0 "Mogadiscio"
 mogadishu_area_adj:0 "mogadiscienne"
 ajuuran_area:0 "Ajûrân"
 ajuuran_area_name:0 "Ajûrân"
 ajuuran_area_adj:0 "ajûrâne"
 majarteen_area:0 "Midjourtine"
 majarteen_area_name:0 "Majeerteen"
 majarteen_area_adj:0 "majeerteen"
 mascarenes_area:0 "Mascareignes"
 mascarenes_area_name:0 "Mascareignes"
 mascarenes_area_adj:0 "mascareignite"
 indian_ocean_islands_area:0 "Îles de l'océan Indien"
 indian_ocean_islands_area_name:0 "Maldives"
 indian_ocean_islands_area_adj:0 "maldivienne"
 vogelkop_area:0 "Péninsule de Vogelkop"
 vogelkop_area_name:0 "Vogelkop"
 vogelkop_area_adj:0 "vogelkopienne"
 papua_area:1 "Péninsule de Papouasie"
 papua_area_name:0 "Papouasie"
 papua_area_adj:0 "papouane"
 melanesia_area:0 "Mélanésie"
 melanesia_area_name:0 "Mélanésie"
 melanesia_area_adj:0 "mélanésienne"
 fiji_area:0 "Fidji"
 fiji_area_name:0 "Fidji"
 fiji_area_adj:0 "fidjienne"
 west_micronesia_area:0 "Micronésie occidentale"
 west_micronesia_area_name:0 "Palaos"
 west_micronesia_area_adj:0 "paluane"
 micronesia_area:1 "Micronésie orientale"
 micronesia_area_name:0 "Micronésie"
 micronesia_area_adj:0 "micronésienne"
 western_australia_area:2 "Perth"
 western_australia_area_name:0 "Perth"
 western_australia_area_adj:0 "perthienne"
 top_end_area:0 "Pointe nord"
 top_end_area_name:1 "Pointe nord"
 top_end_area_adj:1 "de la Pointe nord"
 northern_australia_area:1 "Capricornie"
 northern_australia_area_name:2 "Capricornie"
 northern_australia_area_adj:2 "capricornienne"
 eastern_australia_area:1 "Nouvelle-Galles du Sud"
 eastern_australia_area_name:1 "Nouvelle-Galles du Sud"
 eastern_australia_area_adj:1 "néo-sud-galloise"
 murray_river_area:1 "Terre-du-Prince"
 murray_river_area_name:1 "Terre-du-Prince"
 murray_river_area_adj:1 "prince-terrienne"
 southern_australia_area:1 "Victoria"
 southern_australia_area_name:0 "Victoria"
 southern_australia_area_adj:0 "victorienne"
 north_queensland_area:0 "Queensland"
 north_queensland_area_name:0 "Queensland"
 north_queensland_area_adj:0 "queenslandaise"
 south_queensland_area:0 "Brisbane"
 south_queensland_area_name:0 "Brisbane"
 south_queensland_area_adj:0 "brisbanienne"
 illawara_area:0 "Illawarra"
 illawara_area_name:0 "Illawarra"
 illawara_area_adj:0 "illawarra"
 pilbara_area:0 "Pilbara"
 pilbara_area_name:0 "Pilbara"
 pilbara_area_adj:0 "pilbaroise"
 tasmania_area:0 "Tasmanie"
 tasmania_area_name:0 "Tasmanie"
 tasmania_area_adj:0 "tasmanienne"
 eastern_polynesia_area:0 "Polynésie orientale"
 eastern_polynesia_area_name:0 "Tahiti"
 eastern_polynesia_area_adj:0 "tahitienne"
 northern_polynesia_area:0 "Polynésie septentrionale"
 northern_polynesia_area_name:0 "Hawaï"
 northern_polynesia_area_adj:0 "hawaïenne"
 polynesia_area:0 "Polynésie"
 polynesia_area_name:0 "Polynésie"
 polynesia_area_adj:0 "polynésienne"
 te_ika_a_maui_hauauru_area:0 "Te Ika-a-Mâui Hauâuru"
 te_ika_a_maui_hauauru_area_name:0 "Te Ika-a-Mâui Hauâuru"
 te_ika_a_maui_hauauru_area_adj:0 "hauâuru"
 te_ika_a_maui_waho_area:0 "Te Ika-a-Mâui Waho"
 te_ika_a_maui_waho_area_name:0 "Te Ika-a-Mâui Waho"
 te_ika_a_maui_waho_area_adj:0 "waho"
 te_waipounamu_area:0 "Te Waipounamu"
 te_waipounamu_area_name:0 "Te Waipounamu"
 te_waipounamu_area_adj:1 "waipounamu"
 western_sahara_area:0 "Sahara occidental"
 western_sahara_area_name:0 "Azawad"
 western_sahara_area_adj:0 "azawadie"
 cap_verde_area:0 "Cap-Vert"
 cap_verde_area_name:0 "Cap-Vert"
 cap_verde_area_adj:0 "capverdienne"
 jolof_area:0 "Djolof"
 jolof_area_name:0 "Djolof"
 jolof_area_adj:0 "djolof"
 tekrur_area:0 "Tékrour"
 tekrur_area_name:0 "Tékrour"
 tekrur_area_adj:0 "tékrourienne"
 baghena_area:0 "Bakhounou"
 baghena_area_name:0 "Bakhounou"
 baghena_area_adj:0 "bakhounou"
 manding_area:0 "Mandé"
 manding_area_name:0 "Mandé"
 manding_area_adj:0 "mandingue"
 futa_jallon_area:0 "Fouta-Djalon"
 futa_jallon_area_name:0 "Futa-Djalon"
 futa_jallon_area_adj:0 "dialonkée"
 jenne_area:0 "Djenné"
 jenne_area_name:0 "Djenné"
 jenne_area_adj:0 "djennéenne"
 massina_area:0 "Macina"
 massina_area_name:0 "Macina"
 massina_area_adj:0 "macina"
 niger_bend_area:0 "Boucle du Niger"
 niger_bend_area_name:0 "Tombouctou"
 niger_bend_area_adj:0 "tombouctienne"
 upper_volta_area:0 "Haute-Volta"
 upper_volta_area_name:0 "Burkina Faso"
 upper_volta_area_adj:1 "burkinabée"
 kong_area:0 "Kong"
 kong_area_name:0 "Kong"
 kong_area_adj:0 "kong"
 lower_volta_area:0 "Basse-Volta"
 lower_volta_area_name:0 "Volta"
 lower_volta_area_adj:0 "voltaïque"
 lower_niger_area:0 "Bas-Niger"
 lower_niger_area_name:0 "Ondo"
 lower_niger_area_adj:0 "ondoise"
 hausa_area:1 "Kano"
 hausa_area_name:0 "Haoussa"
 hausa_area_adj:0 "haoussa"
 katsina_area:0 "Katsina"
 katsina_area_name:0 "Katsina"
 katsina_area_adj:0 "katsinaise"
 zazzau_area:0 "Zazzau"
 zazzau_area_name:0 "Zazzau"
 zazzau_area_adj:0 "zazzau"
 bornu_area:0 "Bornou"
 bornu_area_name:0 "Bornou"
 bornu_area_adj:0 "bornuane"
 kanem_area:0 "Kanem"
 kanem_area_name:0 "Kanem"
 kanem_area_adj:0 "Kanemboue"
 adamawa_plateau_area:0 "Massif de l'Adamaoua"
 adamawa_plateau_area_name:0 "Yola"
 adamawa_plateau_area_adj:0 "yoléenne"
 dendi_area:0 "Dendi"
 dendi_area_name:0 "Dendi"
 dendi_area_adj:0 "dendie"
 azbin_area:1 "Azbin occidental"
 azbin_area_name:1 "Aïr"
 azbin_area_adj:1 "aïrienne"
 east_azbin_area:0 "Azbin oriental"
 east_azbin_area_name:0 "Azbin"
 east_azbin_area_adj:0 "azbinienne"
 atacora_oueme_area:0 "Atacora-Ouémé"
 atacora_oueme_area_name:0 "Dahomey"
 atacora_oueme_area_adj:0 "dahoméenne"
 benin_area:0 "Bénin"
 benin_area_name:0 "Bénin"
 benin_area_adj:1 "béninoise"
 gulf_of_guinea_area:0 "Golfe de Guinée"
 gulf_of_guinea_area_name:0 "Bénin"
 gulf_of_guinea_area_adj:0 "béninoise"
 west_africa_coast_area:0 "Côtes d'Afrique occidentale"
 west_africa_coast_area_name:0 "Côte-de-l'Or"
 west_africa_coast_area_adj:0 "castalorienne"
 guinea_coast_area:0 "Guinée"
 guinea_coast_area_name:0 "Guinée"
 guinea_coast_area_adj:0 "guinéenne"
 south_atlantic_islands_area:0 "Îles de l'Atlantique sud"
 south_atlantic_islands_area_name:0 "Tristan da Cunha"
 south_atlantic_islands_area_adj:0 "tristanienne"
 kongo_area:0 "Congo"
 kongo_area_name:0 "Congo"
 kongo_area_adj:0 "congolaise"
 angola_namibia_area:0 "Angola"
 angola_namibia_area_name:0 "Angola"
 angola_namibia_area_adj:0 "angolaise"
 west_congo_area:0 "Congo occidental"
 west_congo_area_name:0 "Loango"
 west_congo_area_adj:0 "loango"
 cape_of_good_hope_area:0 "Cap de Bonne-Espérance"
 cape_of_good_hope_area_name:0 "Le Cap"
 cape_of_good_hope_area_adj:0 "capétonienne"
 south_african_plateau_area:0 "Plateau sud-africain"
 south_african_plateau_area_name:0 "Afrique du Sud"
 south_african_plateau_area_adj:0 "sud-africaine"
 makran_area:0 "Makrân"
 makran_area_name:0 "Makrân"
 makran_area_adj:0 "makrâni"
 sistan_area:0 "Sistan"
 sistan_area_name:0 "Sistan"
 sistan_area_adj:0 "sistanie"
 kalat_area:0 "Qalât"
 kalat_area_name:0 "Qalât"
 kalat_area_adj:0 "qalâte"
 ferghana_area:0 "Ferghana"
 ferghana_area_name:0 "Ferghana"
 ferghana_area_adj:0 "ferghanienne"
 arys_area:0 "Arys"
 arys_area_name:0 "Arys"
 arys_area_adj:0 "aryssienne"
 kabulistan_area:0 "Kaboulistan"
 kabulistan_area_name:0 "Kaboulistan"
 kabulistan_area_adj:0 "kaboulistanaise"
 ghor_area:0 "Ghôr"
 ghor_area_name:0 "Ghôr"
 ghor_area_adj:0 "ghôride"
 kyzylkum_area:0 "Kyzylkoum"
 kyzylkum_area_name:0 "Turkestan"
 kyzylkum_area_adj:0 "turkestanaise"
 transoxiana_area:0 "Transoxiane"
 transoxiana_area_name:0 "Transoxiane"
 transoxiana_area_adj:0 "transoxianienne"
 khiva_area:0 "Khiva"
 khiva_area_name:0 "Khiva"
 khiva_area_adj:0 "khivanaise"
 transcaspia_area:0 "Transcaspienne"
 transcaspia_area_name:0 "Turkménistan"
 transcaspia_area_adj:0 "turkmène"
 khorasan_area:0 "Khorassan"
 khorasan_area_name:0 "Khorassan"
 khorasan_area_adj:0 "khorassanienne"
 merv_area:0 "Merv"
 merv_area_name:0 "Merv"
 merv_area_adj:0 "mervienne"
 luristan_area:0 "Lorestan"
 luristan_area_name:0 "Lorestan"
 luristan_area_adj:0 "lorestanie"
 balkh_area:0 "Balkh"
 balkh_area_name:0 "Balkh"
 balkh_area_adj:0 "balkhie"
 kerman_area:0 "Kerman"
 kerman_area_name:0 "Kerman"
 kerman_area_adj:0 "kermanienne"
 persian_gulf_coast:0 "Côte du Golfe"
 persian_gulf_coast_name:0 "Ormuz"
 persian_gulf_coast_adj:0 "ormuzienne"
 farsistan_area:0 "Fars"
 farsistan_area_name:0 "Fars"
 farsistan_area_adj:0 "farsie"
 iraq_e_ajam_area:0 "'Irâq-i 'Ajam"
 iraq_e_ajam_area_name:0 "Perse"
 iraq_e_ajam_area_adj:0 "persane"
 isfahan_area:0 "Ispahan"
 isfahan_area_name:0 "Ispahan"
 isfahan_area_adj:0 "ispahanaise"
 azerbaijan_area:1 "Zanjân"
 azerbaijan_area_name:1 "Zanjân"
 azerbaijan_area_adj:1 "zanjânie"
 tabriz_area:1 "Azerbaïdjan"
 tabriz_area_name:1 "Azerbaïdjan"
 tabriz_area_adj:1 "azerbaïdjanaise"
 tabarestan_area:0 "Tabaristan"
 tabarestan_area_name:0 "Tabaristan"
 tabarestan_area_adj:0 "tabaristanaise"
 upper_doab_area:0 "Haut-Doâb"
 upper_doab_area_name:0 "Delhi"
 upper_doab_area_adj:0 "delhiite"
 sirhind_area:0 "Sirhind"
 sirhind_area_name:0 "Sirhind"
 sirhind_area_adj:0 "sirhindi"
 central_doab_area:0 "Doâb central"
 central_doab_area_name:0 "Agra"
 central_doab_area_adj:0 "agranienne"
 oudh_area:0 "Awadh"
 oudh_area_name:0 "Awadh"
 oudh_area_adj:0 "awadhi"
 purvanchal_area:0 "Purvanchal"
 purvanchal_area_name:0 "Jawnpur"
 purvanchal_area_adj:0 "jawnpurie"
 lower_doab_area:0 "Bas-Doâb"
 lower_doab_area_name:0 "Kalpî"
 lower_doab_area_adj:0 "kalpî"
 lahore_area:0 "Lahore"
 lahore_area_name:0 "Lahore"
 lahore_area_adj:0 "lahoraise"
 multan_area:0 "Multân"
 multan_area_name:0 "Multân"
 multan_area_adj:0 "multanaise"
 west_bengal_area:0 "Bengale occidental"
 west_bengal_area_name:0 "Bengale"
 west_bengal_area_adj:0 "bengalie"
 naga_hills_area:0 "Monts nagas"
 naga_hills_area_name:0 "Nagaland"
 naga_hills_area_adj:0 "naga"
 east_bengal_area:0 "Bengale oriental"
 east_bengal_area_name:1 "Dhâkâ"
 east_bengal_area_adj:1 "dhâkî"
 north_bengal_area:0 "Bengale septentrional"
 north_bengal_area_name:0 "Koch"
 north_bengal_area_adj:0 "kochi"
 gaur_area:0 "Gaur"
 gaur_area_name:0 "Gaur"
 gaur_area_adj:0 "gauri"
 bihar_area:0 "Bihâr"
 bihar_area_name:0 "Bihâr"
 bihar_area_adj:0 "bihâri"
 jharkhand_area:0 "Jhârkhand"
 jharkhand_area_name:0 "Jhârkhand"
 jharkhand_area_adj:0 "jhârkhandi"
 gondwana_area:0 "Gondwâna"
 gondwana_area_name:0 "Gondwâna"
 gondwana_area_adj:0 "gondi"
 sind_sagar_area:0 "Sind Sagar"
 sind_sagar_area_name:0 "Kokharie"
 sind_sagar_area_adj:0 "kokhari"
 mithila_area:0 "Mithilâ"
 mithila_area_name:0 "Mithilâ"
 mithila_area_adj:0 "mithilî"
 baghelkhand_area:0 "Baghelkhand"
 baghelkhand_area_name:0 "Baghelkhand"
 baghelkhand_area_adj:0 "baghelkhandi"
 malabar_area:0 "Malabâr"
 malabar_area_name:0 "Malabâr"
 malabar_area_adj:0 "malabâri"
 upper_mahanadi_area:0 "Haut-Mahânadi"
 upper_mahanadi_area_name:0 "Sambalpur"
 upper_mahanadi_area_adj:0 "sambalapurî"
 bundelkhand_area:0 "Bundelkund"
 bundelkhand_area_name:0 "Bundelkund"
 bundelkhand_area_adj:0 "bundelkundi"
 tripura_area:0 "Tripurâ"
 tripura_area_name:0 "Tripurâ"
 tripura_area_adj:0 "tripurî"
 gird_area:0 "Gird"
 gird_area_name:0 "Gird"
 gird_area_adj:0 "girdi"
 ahmednagar_area:0 "Ahmadnâgar"
 ahmednagar_area_name:0 "Ahmadnâgar"
 ahmednagar_area_adj:0 "ahmadnâgari"
 patan_area:0 "Patan"
 patan_area_name:0 "Patan"
 patan_area_adj:0 "patani"
 khandesh_area:0 "Khândesh"
 jangladesh_area:0 "Jangladesh"
 jangladesh_area_name:0 "Bikaner"
 jangladesh_area_adj:0 "bikanérienne"
 khandesh_area_name:0 "Khândesh"
 khandesh_area_adj:0 "khândeshî"
 orissa_area:0 "Orishâ"
 orissa_area_name:0 "Orishâ"
 orissa_area_adj:0 "orissienne"
 garjat_area:0 "Garjat"
 garjat_area_name:0 "Garjat"
 garjat_area_adj:0 "garjati"
 telingana_area:1 "Telangâna septentrional"
 telingana_area_name:0 "Telangâna"
 telingana_area_adj:0 "télinga"
 andhra_area:0 "Ândhra"
 andhra_area_name:0 "Ândhra"
 andhra_area_adj:0 "andhraïte"
 rayalaseema_area:0 "Râyalasîma"
 rayalaseema_area_name:0 "Vijayanâgara"
 rayalaseema_area_adj:0 "Vijayanâgari"
 kerala_area:0 "Kérala"
 kerala_area_name:0 "Malabâr"
 kerala_area_adj:0 "malabâri"
 malwa_area:0 "Mâlwâ"
 malwa_area_name:0 "Mâlwâ"
 malwa_area_adj:0 "mâlwâ"
 mewar_area:0 "Mewâr"
 mewar_area_name:0 "Mewâr"
 mewar_area_adj:0 "mewâri"
 marwar_area:0 "Mârwar"
 marwar_area_name:0 "Mârwar"
 marwar_area_adj:0 "mârwari"
 jaipur_area:0 "Jayapura"
 jaipur_area_name:0 "Jayapura"
 jaipur_area_adj:0 "jayapurî"
 baisi_rajya_area:0 "Bâ'isî Râjya"
 baisi_rajya_area_name:0 "Jumbla"
 baisi_rajya_area_adj:0 "jumbla"
 bhutan_area:0 "Bhoutan"
 bhutan_area_name:0 "Bhoutan"
 bhutan_area_adj:0 "bhoutanaise"
 katehar_area:0 "Katihâr"
 katehar_area_name:0 "Rôhilkhand"
 katehar_area_adj:0 "rôhilla"
 sindh_area:1 "Sindh méridional"
 sindh_area_name:0 "Sindh"
 sindh_area_adj:0 "sindhî"
 northern_sindh_area:0 "Sindh septentrional"
 northern_sindh_area_name:0 "Khairpur"
 northern_sindh_area_adj:0 "khairpuri"
 carnatic_area:0 "Karnata"
 carnatic_area_name:0 "Karnata"
 carnatic_area_adj:0 "carnatique"
 coromandel_area:0 "Coromandel"
 coromandel_area_name:0 "Coromandel"
 coromandel_area_adj:0 "coromandélienne"
 madura_area:0 "Madura"
 madura_area_name:0 "Madurai"
 madura_area_adj:0 "madurayaise"
 konkan_area:0 "Konkân"
 konkan_area_name:0 "Chaul"
 konkan_area_adj:0 "chaulie"
 kanara_area:0 "Kanara"
 kanara_area_name:0 "Kanara"
 kanara_area_adj:0 "kanarienne"
 maidan_area:0 "Maidan"
 maidan_area_name:0 "Bîjâpur"
 maidan_area_adj:0 "bîjâpuri"
 mysore_area:0 "Mysore"
 mysore_area_name:0 "Mysore"
 mysore_area_adj:0 "mysorienne"
 maharashtra_area:0 "Mahârâshtra"
 maharashtra_area_name:0 "Mahârâshtra"
 maharashtra_area_adj:0 "mahârâshtrienne"
 desh_area:0 "Desh"
 desh_area_name:0 "Pune"
 desh_area_adj:0 "punekari"
 assam_area:0 "Assam"
 assam_area_name:0 "Assam"
 assam_area_adj:0 "assamaise"
 himalayan_hills_area:0 "Piémonts de l'Himalaya"
 himalayan_hills_area_name:0 "Garhwâl"
 himalayan_hills_area_adj:0 "garhwâli"
 nepal_area:0 "Népal"
 nepal_area_name:0 "Népal"
 nepal_area_adj:0 "népalaise"
 kashmir_area:0 "Cachemire"
 kashmir_area_name:0 "Cachemire"
 kashmir_area_adj:0 "cachemirie"
 tanjore_area:0 "Thanjâvûr"
 tanjore_area_name:0 "Thanjâvûr"
 tanjore_area_adj:0 "thanjâvûri"
 kongu_area:0 "Konku"
 kongu_area_name:0 "Konku"
 kongu_area_adj:0 "konku"
 south_carnatic_area:0 "Carnate méridional"
 south_carnatic_area_name:0 "Ârkâtu"
 south_carnatic_area_adj:0 "ârkâtî"
 north_carnatic_area:0 "Carnate septentrional"
 north_carnatic_area_name:0 "Kôstândhra"
 north_carnatic_area_adj:0 "kôstândhra"
 berar_area:0 "Berar"
 berar_area_name:0 "Berar"
 berar_area_adj:0 "berari"
 golconda_area:0 "Telangâna méridional"
 golconda_area_name:0 "Gôlkonda"
 golconda_area_adj:0 "golcondienne"
 raichur_doab_area:0 "Raichûr Doâb"
 raichur_doab_area_name:0 "Raichûr"
 raichur_doab_area_adj:0 "raichûri"
 lanka_area:1 "Lanka septentrional"
 lanka_area_name:0 "Lanka"
 lanka_area_adj:0 "lankaise"
 south_lanka_area:0 "Lanka méridional"
 south_lanka_area_name:0 "Kotte"
 south_lanka_area_adj:0 "kotti"
 gujarat_area:0 "Gujarât"
 gujarat_area_name:0 "Gujarât"
 gujarat_area_adj:0 "gujarâtî"
 ahmedabad_area:0 "Ahmadâbâd"
 ahmedabad_area_name:0 "Ahmadâbâd"
 ahmedabad_area_adj:0 "ahmadâbâdi"
 tapti_area:0 "Tâptî"
 tapti_area_name:0 "Vadodarâ"
 tapti_area_adj:0 "vadodarî"
 saurashtra_area:0 "Saurâshtra"
 saurashtra_area_name:0 "Saurâshtra"
 saurashtra_area_adj:0 "saurâshtrienne"
 upper_burma_area:0 "Haute-Birmanie"
 upper_burma_area_name:0 "Ava"
 upper_burma_area_adj:0 "avaïte"
 lower_burma_area:0 "Basse-Birmanie"
 lower_burma_area_name:0 "Birmanie"
 lower_burma_area_adj:0 "birmane"
 kachin_area:0 "Kachin"
 kachin_area_name:0 "Kachin"
 kachin_area_adj:0 "kachin"
 shan_hill_area:0 "Collines des Shan"
 shan_hill_area_adj:0 "Shan"
 shan_hill_area_name:0 "shan"
 karenni_area:0 "Karenni"
 karenni_area_name:0 "Karreni"
 karenni_area_adj:0 "karreni"
 arakan_area:0 "Rakhine"
 arakan_area_name:0 "Arakan"
 arakan_area_adj:0 "arakanaise"
 malaya_area:0 "Malaisie"
 malaya_area_name:0 "Malaisie"
 malaya_area_adj:0 "malaise"
 khorat_area:0 "Khorat"
 khorat_area_name:0 "Khorat"
 khorat_area_adj:0 "khoratienne"
 champa_area:0 "Champâ"
 champa_area_name:0 "Champâ"
 champa_area_adj:0 "chame"
 cambodia_area:0 "Cambodge"
 cambodia_area_name:0 "Cambodge"
 cambodia_area_adj:0 "cambodgienne"
 mekong_area:0 "Mékong"
 mekong_area_name:0 "Phnom Penh"
 mekong_area_adj:0 "phnompenhoise"
 malacca_area:0 "Malacca"
 malacca_area_name:0 "Malacca"
 malacca_area_adj:0 "malacaise"
 tenasserim_area:1 "Tenasserim central"
 tenasserim_area_name:0 "Tambralinga"
 tenasserim_area_adj:0 "tambralinga"
 north_tenasserim_area:0 "Tenasserim septentrional"
 north_tenasserim_area_name:0 "Ratchaburi"
 north_tenasserim_area_adj:0 "Ratchaburi"
 red_river_delta_area:0 "Sông Hông"
 red_river_delta_area_name:0 "Viêt Nam"
 red_river_delta_area_adj:0 "viêtnamienne"
 vietnam_area:2 "Annam"
 vietnam_area_name:2 "Annam"
 vietnam_area_adj:1 "annamite"
 south_laos_area:0 "Laos méridional"
 south_laos_area_name:0 "Vientiane"
 south_laos_area_adj:0 "vientanaise"
 north_laos_area:1 "Luang Prabang"
 north_laos_area_name:0 "Luang Prabang"
 north_laos_area_adj:0 "luang-prabang"
 central_thai_area:0 "Thaïlande centrale"
 central_thai_area_name:0 "Ayutthaya"
 central_thai_area_adj:0 "ayutthaya"
 northern_thai_area:1 "Chiang Mai"
 northern_thai_area_name:0 "Lan-Na"
 northern_thai_area_adj:0 "lan-na"
 great_moluccas_area:0 "Grandes Moluques"
 great_moluccas_area_name:0 "Moluques"
 great_moluccas_area_adj:0 "moluquoise"
 luzon_area:0 "Luçon du Nord"
 luzon_area_name:0 "Luçon"
 luzon_area_adj:0 "luçonnaise"
 mindanao_area:0 "Mindanao orientale"
 mindanao_area_name:0 "Mindanao"
 mindanao_area_adj:0 "mindanaote"
 north_sumatra_area:1 "Aceh"
 north_sumatra_area_name:0 "Lamuri"
 north_sumatra_area_adj:0 "lamurienne"
 batak_area:0 "Batak"
 batak_area_name:0 "Batak"
 batak_area_adj:0 "batak"
 central_sumatra_area:1 "Riau"
 central_sumatra_area_name:0 "Riau"
 central_sumatra_area_adj:0 "riaone"
 minangkabau_area:0 "Minangkabau"
 minangkabau_area_name:0 "Minangkabau"
 minangkabau_area_adj:0 "minangkabau"
 south_sumatra_area:1 "Lampung"
 south_sumatra_area_name:0 "Bengkulu"
 south_sumatra_area_adj:0 "bengkulienne"
 indonesian_islands_area:0 "Îles indonésiennes"
 indonesian_islands_area_name:0 "Îles indonésiennes"
 indonesian_islands_area_adj:0 "indonésienne"
 east_java_area:0 "Java orientale"
 east_java_area_name:0 "Sunda"
 east_java_area_adj:0 "sundanaise"
 central_java_area:0 "Java centrale"
 central_java_area_name:0 "Karta"
 central_java_area_adj:0 "kartanaise"
 west_java_area:0 "Java occidentale"
 west_java_area_name:0 "Kediri"
 west_java_area_adj:0 "kedirienne"
 kutai_area:0 "Kutai"
 kutai_area_name:0 "Kutai"
 kutai_area_adj:0 "kutaïe"
 brunei_area:0 "Brunei"
 brunei_area_name:0 "Brunei"
 brunei_area_adj:0 "brunéienne"
 kalimantan_area:0 "Kalimantan"
 kalimantan_area_name:0 "Kalimantan"
 kalimantan_area_adj:0 "kalimantienne"
 spice_islands_area:0 "Îles aux épices"
 spice_islands_area_name:0 "Tidore"
 spice_islands_area_adj:0 "tidorienne"
 ceram_area:0 "Seram"
 ceram_area_name:0 "Seram"
 ceram_area_adj:0 "sérame"
 molluca_area:0 "Moluques"
 molluca_area_name:0 "Ternate"
 molluca_area_adj:0 "ternate"
 lesser_sunda_islands_area:0 "Petites îles de la Sonde"
 lesser_sunda_islands_area_name:1 "Bali"
 lesser_sunda_islands_area_adj:1 "balinaise"
 timor_area:0 "Timor"
 timor_area_name:0 "Timor"
 timor_area_adj:0 "timoraise"
 sulawesi_area:1 "Sulawesi septentrional"
 sulawesi_area_name:1 "Palu"
 sulawesi_area_adj:1 "palu"
 south_sulawesi_area:0 "Sulawesi méridional"
 south_sulawesi_area_name:0 "Macassar"
 south_sulawesi_area_adj:0 "macassaroise"
 western_korea_area:0 "Corée occidentale"
 western_korea_area_name:0 "Gyeonggi"
 western_korea_area_adj:0 "gyeonggi"
 hamgyeong_area:0 "Hamgyeong"
 hamgyeong_area_name:0 "Hamgyeong"
 hamgyeong_area_adj:0 "hamgyeong"
 pyongan_area:0 "Pyongan"
 pyongan_area_name:0 "Pyongan"
 pyongan_area_adj:0 "pyongan"
 central_korea_area:0 "Corée centrale"
 central_korea_area_name:0 "Corée"
 central_korea_area_adj:0 "coréenne"
 south_korea_area:1 "Corée méridionale"
 south_korea_area_name:0 "Jeolla"
 south_korea_area_adj:0 "jeolla"
 eastern_korea_area:0 "Corée orientale"
 eastern_korea_area_name:0 "Gyeongsang"
 eastern_korea_area_adj:0 "gyeongsang"
 hokkaido_area:0 "Hokkaidô"
 hokkaido_area_name:0 "Hokkaidô"
 hokkaido_area_adj:0 "hokkaidô"
 kyushu_area:1 "Kyûshû méridional"
 kyushu_area_name:0 "Kyûshû"
 kyushu_area_adj:0 "kyûshû"
 northern_kyushu:0 "Kyûshû septentrional"
 northern_kyushu_adj:0 "Hizen"
 northern_kyushu_name:0 "hizen"
 chubu_area:0 "Chûbu occidental"
 chubu_area_name:0 "Chûbu"
 chubu_area_adj:0 "chûbu"
 thohoku_area:0 "Tôhoku"
 thohoku_area_name:0 "Tôhoku"
 thohoku_area_adj:0 "tôhoku"
 kinai_area:0 "Kinai"
 kinai_area_name:0 "Kinai"
 kinai_area_adj:0 "kinai"
 kanto_area:1 "Kantô occidental"
 kanto_area_name:0 "Kantô"
 kanto_area_adj:0 "kantô"
 eastern_kanto_area:0 "Kantô oriental"
 eastern_kanto_area_name:0 "Hitachi"
 eastern_kanto_area_adj:0 "hitachi"
 shikoku_area:0 "Shikoku"
 shikoku_area_name:0 "Shikoku"
 shikoku_area_adj:0 "shikoku"
 east_china_sea_islands_area:0 "Îles de mer de Chine orientale"
 east_china_sea_islands_area_name:0 "Ryûkyû"
 east_china_sea_islands_area_adj:0 "ryûkyû"
 kolyma_area:0 "Kolyma"
 kolyma_area_name:0 "Kolyma"
 kolyma_area_adj:0 "kolymane"
 kansai_area:0 "Kansai"
 kansai_area_name:0 "Kansai"
 kansai_area_adj:0 "kansai"
 sanindo_area:0 "San'indô"
 sanindo_area_name:0 "San'indô"
 sanindo_area_adj:0 "san'indô"
 saigoku_area:1 "San'yôdô"
 saigoku_area_name:0 "San'yôdô"
 saigoku_area_adj:0 "san'yôdô"
 hokuriku_area:0 "Hokuriku"
 hokuriku_area_name:0 "Hokuriku"
 hokuriku_area_adj:0 "hokuriku"
 chugoku_area:0 "Chûgoku"
 chugoku_area_name:0 "Chûgoku"
 chugoku_area_adj:0 "chûgoku"
 kamchatka_area:0 "Kamtchatka"
 kamchatka_area_name:0 "Kamtchatka"
 kamchatka_area_adj:0 "kamtchadale"
 magadan_area:0 "Magadan"
 magadan_area_name:0 "Magadan"
 magadan_area_adj:0 "magadanaise"
 okhotsk_area:0 "Okhotsk"
 okhotsk_area_name:0 "Okhotsk"
 okhotsk_area_adj:0 "okhotskienne"
 yakutia_area:0 "Yakoutie"
 yakutia_area_name:0 "Yakoutie"
 yakutia_area_adj:0 "yakoute"
 sakha_area:0 "Sakha"
 sakha_area_name:0 "Sakha"
 sakha_area_adj:0 "sakhane"
 buryatia_area:0 "Bouriatie"
 buryatia_area_name:0 "Bouriatie"
 buryatia_area_adj:0 "bouriate"
 tunguska_area:0 "Toungouska"
 tunguska_area_name:0 "Toungouska"
 tunguska_area_adj:0 "toungouske"
 central_siberia_area:0 "Sibérie centrale"
 central_siberia_area_name:0 "Sibérie"
 central_siberia_area_adj:0 "sibérienne"
 kara_area:0 "Kara"
 kara_area_name:0 "Kara"
 kara_area_adj:0 "karane"
 ob_area:0 "Ob"
 ob_area_name:0 "Pegaya Orda"
 ob_area_adj:0 "pegaya-orda"
 irkutsk_area:0 "Irkoutsk"
 irkutsk_area_name:0 "Irkoutsk"
 irkutsk_area_adj:0 "irkoutskienne"
 perm_area:0 "Permie"
 perm_area_name:0 "Permie"
 perm_area_adj:0 "permienne"
 balchasj_area:0 "Balkhach"
 balchasj_area_name:0 "Nadym"
 balchasj_area_adj:0 "nadymienne"
 syr_darya_area:0 "Syr-Daria"
 syr_darya_area_name:0 "Daria"
 syr_darya_area_adj:0 "dariane"
 kazakhstan_area:0 "Kazakhstan"
 kazakhstan_area_name:0 "Kazakhstan"
 kazakhstan_area_adj:0 "kazakhe"
 yrtesh_area:0 "Irtych"
 yrtesh_area_name:0 "Kerey"
 yrtesh_area_adj:0 "kerey"
 ishim_area:0 "Ichim"
 ishim_area_name:0 "Tioumen"
 ishim_area_adj:0 "tioumenoise"
 heilongjiang_area:0 "Heilongjiangord occidental"
 heilongjiang_area_name:0 "Heilongjiang"
 heilongjiang_area_adj:0 "heilongjiang"
 east_heilongjiang_area:0 "Heilongjiangord oriental"
 east_heilongjiang_area_name:0 "Yeren"
 east_heilongjiang_area_adj:0 "yeren"
 jilin_area:0 "Jilin méridional"
 jilin_area_name:0 "Jilin"
 jilin_area_adj:0 "jilin"
 central_jilin_area:1 "Ilan Hala méridional"
 central_jilin_area_name:0 "Ilan Hala"
 central_jilin_area_adj:0 "ilan-hala"
 ilan_hala_area:1 "Ilan Hala septentrional"
 ilan_hala_area_name:0 "Deren"
 ilan_hala_area_adj:0 "deren"
 liaoning_area:0 "Liaoning"
 liaoning_area_name:0 "Liaoning"
 liaoning_area_adj:0 "liaoning"
 ordos_area:0 "Ordos"
 ordos_area_name:0 "Ordos"
 ordos_area_adj:0 "ordossienne"
 inner_mongolia_area:0 "Mongolie intérieure"
 inner_mongolia_area_name:0 "Tchakhar"
 inner_mongolia_area_adj:0 "tchakhar"
 outer_mongolia_area:0 "Mongolie extérieure"
 outer_mongolia_area_name:0 "Mongolie"
 outer_mongolia_area_adj:0 "mongole"
 eastern_mongolia:0 "Mongolie orientale"
 eastern_mongolia_name:0 "Jirem"
 eastern_mongolia_adj:0 "jirem"
 central_mongolia_area:1 "Gobi"
 central_mongolia_area_name:0 "Qaraqorum"
 central_mongolia_area_adj:0 "qaraqorumite"
 altai_sayan_area:1 "Kobdo"
 altai_sayan_area_name:0 "Altaï"
 altai_sayan_area_adj:0 "altaï"
 sayan_area:0 "Saïan"
 sayan_area_name:0 "Saïan"
 sayan_area_area:0 "saïane"
 kashgaria_area:0 "Kachgarie"
 kashgaria_area_name:0 "Kachgarie"
 kashgaria_area_adj:0 "kachgarienne"
 tarim_basin_area:1 "Altishahr central"
 tarim_basin_area_name:0 "Altishahr"
 tarim_basin_area_adj:0 "altishahrienne"
 zungaria_area:1 "Dzoungarie méridionale"
 zungaria_area_name:1 "Dzoungarie"
 zungaria_area_adj:1 "dzoungarienne"
 north_zungaria:1 "Dzoungarie septentrionale"
 north_zungaria_name:0 "Urjar"
 north_zungaria_adj:0 "urjarienne"
 jetysuu_area:0 "Jetyssou"
 jetysuu_area_name:0 "Jetyssou"
 jetysuu_area_adj:0 "jetyssou"
 ngari_area:0 "Ngari"
 ngari_area_name:0 "Gugé"
 ngari_area_adjective:0 "gougi"
 amdo_area:0 "Amdo"
 amdo_area_name:0 "Amdo"
 amdo_area_adj:0 "amdo"
 kham_area:0 "Kham"
 kham_area_name:0 "Kham"
 kham_area_adj:0 "kham"
 tsang_area:1 "Ü"
 tsang_area_name:1 "Ü"
 tsang_area_adj:1 "ü"
 utsang_area:2 "Tsang"
 utsang_area_name:2 "Tsang"
 utsang_area_adj:2 "tsang"
 south_hebei_area:0 "Hebei méridional"
 south_hebei_area_name:0 "Hejian"
 south_hebei_area_adj:0 "héjianaise"
 hebei_area:0 "Hebei septentrional"
 hebei_area_name:0 "Hebei"
 hebei_area_adj:0 "hebei"
 shandong_area:0 "Shandong"
 shandong_area_name:0 "Shandong"
 shandong_area_adj:0 "shandong"
 jiangsu_area:0 "Jiangsu septentrional"
 jiangsu_area_name:0 "Jiangsu"
 jiangsu_area_adj:0 "jiangsu"
 south_jiangsu_area:0 "Jiangsu méridional"
 south_jiangsu_area_name:0 "Nankin"
 south_jiangsu_area_adj:0 "nankinoise"
 anhui_area:0 "Anhui septentrional"
 anhui_area_name:0 "Anhui"
 anhui_area_adj:0 "anhui"
 south_anhui_area:0 "Anhui méridional"
 south_anhui_area_name:0 "Anqing"
 south_anhui_area_adj:0 "anqingoise"
 zhejiang_area:0 "Zhejiang"
 zhejiang_area_name:0 "Zhejiang"
 zhejiang_area_adj:0 "zhejiang"
 jiangxi_area:0 "Jiangxi"
 jiangxi_area_name:0 "Jiangxi"
 jiangxi_area_adj:0 "jiangxi"
 fujian_area:0 "Fujian"
 fujian_area_name:0 "Fujian"
 fujian_area_adj:0 "fujian"
 taiwan_area:0 "Taïwan"
 taiwan_area_name:0 "Taïwan"
 taiwan_area_adj:0 "taïwanaise"
 guangdong_area:0 "Guangdong oriental"
 guangdong_area_name:0 "Guangdong"
 guangdong_area_adj:0 "guangdong"
 west_guangdong_area:0 "Guangdong occidental"
 west_guangdong_area_name:0 "Lianzhou"
 west_guangdong_area_adj:0 "lianzhou"
 guangxi_area:0 "Guangxi"
 guangxi_area_name:0 "Guangxi"
 guangxi_area_adj:0 "guangxi"
 yun_gui_area:0 "Yungui intérieur"
 yun_gui_area_name:0 "Yungui"
 yun_gui_area_adj:0 "yungui"
 yun_gui_borderland_area:0 "Yungui extérieur"
 yun_gui_borderland_area_name:0 "Dali"
 yun_gui_borderland_area_adj:0 "dali"
 sichuan_area:0 "Sichuan"
 sichuan_area_name:0 "Sichuan"
 sichuan_area_adj:0 "sichuanaise"
 chuannan_area:0 "Chuannan"
 chuannan_area_name:0 "Chuannan"
 chuannan_area_adj:0 "chuannan"
 huguang_area:0 "Hubei"
 huguang_area_name:0 "Huguang"
 huguang_area_adj:0 "huguang"
 hunan_area:0 "Hunan"
 hunan_area_name:0 "Hunan"
 hunan_area_adj:0 "hunan"
 north_henan_area:0 "Henan septentrional"
 north_henan_area_name:0 "Kaifeng"
 north_henan_area_adj:0 "kaifeng"
 henan_area:0 "Henan méridional"
 henan_area_name:0 "Henan"
 henan_area_adj:0 "henan"
 shanxi_area:0 "Shanxi"
 shanxi_area_name:0 "Shanxi"
 shanxi_area_adj:0 "shanxi"
 shaanxi_area:0 "Shaanxi"
 shaanxi_area_name:0 "Shaanxi"
 shaanxi_area_adj:0 "shaanxi"
 gansu_area:0 "Gansu oriental"
 gansu_area_name:0 "Gansu"
 gansu_area_adj:0 "gansu"
 west_gansu_area:0 "Gansu occidental"
 west_gansu_area_name:0 "Yumen"
 west_gansu_area_adj:0 "yumen"
 rio_grande_do_sol_area:0 "Rio Grande do Sul"
 rio_grande_do_sol_area_name:0 "Brésil"
 rio_grande_do_sol_area_adj:0 "brésilienne"
 diamantina_area:0 "Diamantina"
 diamantina_area_name:0 "Diamantina"
 diamantina_area_adj:0 "diamantine"
 minas_gerais_area:0 "Minas Gerais"
 minas_gerais_area_name:1 "Minas Gerais"
 minas_gerais_area_adj:1 "Minas Gerais"
 iquitos_area:0 "Iquitos"
 iquitos_area_name:0 "Iquitos"
 iquitos_area_adj:0 "iquiténienne"
 misiones_area:0 "Mésopotamie"
 misiones_area_name:0 "Misiones"
 misiones_area_adj:0 "missionesse"
 west_sao_paolo_area:0 "Guayrá"
 west_sao_paolo_area_name:0 "Guayrá"
 west_sao_paolo_area_adj:0 "guayrane"
 ceara_area:0 "Ceará"
 ceara_area_name:0 "Ceará"
 ceara_area_adj:0 "céarane"
 ofaie_area:0 "Ofayé"
 ofaie_area_name:0 "Ofayé"
 ofaie_area_adj:0 "ofayé"
 goias_area:0 "Goiás"
 goias_area_name:0 "Goiás"
 goias_area_adj:0 "goianaise"
 pontal_area:0 "Pontal"
 pontal_area_name:0 "Pontal"
 pontal_area_adj:0 "pontalaise"
 mato_grosso_area:0 "Mato Grosso"
 mato_grosso_area_name:0 "Mato Grosso"
 mato_grosso_area_adj:0 "matogrossienne"
 guapore_area:0 "Guaporé"
 guapore_area_name:0 "Guaporé"
 guapore_area_adj:0 "guaporéenne"
 sao_paolo_area:0 "São Paulo"
 sao_paolo_area_name:0 "São Paulo"
 sao_paolo_area_adj:0 "paulistaine"
 rio_de_janeiro_area:0 "Rio de Janeiro"
 rio_de_janeiro_area_name:0 "Rio de Janeiro"
 rio_de_janeiro_area_adj:0 "carioque"
 bahia_area:0 "Bahia"
 bahia_area_name:0 "Bahia"
 bahia_area_adj:0 "bahianaise"
 pernambuco_area:0 "Pernambouc"
 pernambuco_area_name:0 "Pernambouc"
 pernambuco_area_adj:0 "pernamboucienne"
 sao_francisco_area:0 "São Francisco"
 sao_francisco_area_name:0 "Paratinga"
 sao_francisco_area_adj:0 "paratingaise"
 maranhao_area:0 "Maranhão"
 maranhao_area_name:0 "Maranhão"
 maranhao_area_adj:0 "maragnanaise"
 piaui_area:0 "Piauí"
 piaui_area_name:0 "Piauí"
 piaui_area_adj:0 "piauiste"
 amapa_area:0 "Amapá"
 amapa_area_name:0 "Amapá"
 amapa_area_adj:0 "amapiste"
 grao_para_area:0 "Grão Pará"
 grao_para_area_name:0 "Belém"
 grao_para_area_adj:0 "belemoise"
 amazon_area:0 "Amazone"
 amazon_area_name:0 "Amazonie"
 amazon_area_adj:0 "amazonienne"
 paraguay_area:0 "Paraguay"
 paraguay_area_name:0 "Paraguay"
 paraguay_area_adj:0 "paraguayenne"
 patagonia_area:0 "Patagonie"
 patagonia_area_name:0 "Patagonie"
 patagonia_area_adj:0 "patagonienne"
 patagonian_andes:0 "Andes patagoniennes"
 patagonian_andes_name:0 "Chubut"
 patagonian_andes_adj:0 "chubutine"
 bahia_blanca_area:0 "Baie Blanche"
 bahia_blanca_area_name:0 "Candelaria"
 bahia_blanca_area_adj:0 "candelariane"
 cuyo_area:0 "Cuyo"
 cuyo_area_name:0 "Cuyo"
 cuyo_area_adj:0 "cuyanaise"
 nehuenken_area:0 "Nehuenken"
 nehuenken_area_name:0 "Nehuenken"
 nehuenken_area_adj:0 "nehuenken"
 southern_pampas_area:0 "Pampa méridionale"
 southern_pampas_area_name:0 "Pampa"
 southern_pampas_area_adj:0 "pampéenne"
 buenos_aires_area:0 "Buenos Aires"
 buenos_aires_area_name:0 "La Plata"
 buenos_aires_area_adj:0 "platine"
 jujuy_area:0 "Jujuy"
 jujuy_area_name:0 "Jujuy"
 jujuy_area_adj:0 "jujénienne"
 potosi_area:0 "Potosí"
 potosi_area_name:0 "Potosí"
 potosi_area_adj:0 "potosine"
 tucuman_area:0 "Tucumán"
 tucuman_area_name:0 "Tucumán"
 tucuman_area_adj:0 "tucumanienne"
 chaco_area:0 "Chaco"
 chaco_area_name:0 "Chaco"
 chaco_area_adj:0 "chacoane"
 banda_oriental_area:0 "Bande orientale"
 banda_oriental_area_name:0 "Uruguay"
 banda_oriental_area_adj:0 "uruguayenne"
 suriname_area:0 "Suriname"
 suriname_area_name:0 "Suriname"
 suriname_area_adj:0 "surinamienne"
 guyana_area:0 "Guyana"
 guyana_area_name:0 "Guyana"
 guyana_area_adj:0 "guyanienne"
 upper_guyana_area:0 "Haut-Guyana"
 upper_guyana_area_name:0 "Angostura"
 upper_guyana_area_adj:0 "angosturaise"
 quito_area:0 "Quito"
 quito_area_name:0 "Quito"
 quito_area_adj:0 "quiténienne"
 maracaibo_area:0 "Maracaïbo"
 maracaibo_area_name:0 "Maracaïbo"
 maracaibo_area_adj:0 "Marcaibère"
 venezuela_area:0 "Vénézuela"
 venezuela_area_name:0 "Vénézuela"
 venezuela_area_adj:0 "vénézuélienne"
 eastern_llanos:0 "Llanos orientales"
 eastern_llanos_name:0 "Zaraza"
 eastern_llanos_adj:0 "zaracègne"
 western_llanos:0 "Llanos occidentales"
 western_llanos_name:0 "Meta"
 western_llanos_adj:0 "metanaise"
 bogota_area:0 "Bogotá"
 bogota_area_name:0 "Bogotá"
 bogota_area_adj:0 "bogotanaise"
 popayan_area:0 "Popayán"
 popayan_area_name:0 "Popayán"
 popayan_area_adj:0 "popayanaise"
 coquivacoa_area:0 "Coquibacoa"
 coquivacoa_area_name:0 "Coquibacoa"
 coquivacoa_area_adj:0 "coquibacoane"
 northern_chile_area:0 "Chili septentrional"
 northern_chile_area_name:0 "Chili"
 northern_chile_area_adj:0 "chilienne"
 central_chile_area:0 "Chili central"
 central_chile_area_name:0 "Picunmapu"
 central_chile_area_adj:0 "picunmapéenne"
 southern_chile_area:0 "Chili méridional"
 southern_chile_area_name:0 "Aisén"
 southern_chile_area_adj:0 "aïsénine"
 antisuyu_area:0 "Anti Suyu"
 antisuyu_area_name:0 "Bolivie"
 antisuyu_area_adj:0 "bolivienne"
 peruan_coast:0 "Côte péruvienne"
 peruan_coast_name:0 "Nazca"
 peruan_coast_adj:0 "nazquègne"
 kuntisuyu_area:0 "Kunti Suyu"
 kuntisuyu_area_name:0 "Pérou"
 kuntisuyu_area_adj:0 "péruvienne"
 chimor_area:0 "Chimor"
 chimor_area_name:0 "Chimor"
 chimor_area_adj:0 "chimuane"
 ucayali_area:0 "Ucayali"
 ucayali_area_name:0 "Ucayali"
 ucayali_area_adj:0 "ucayaline"
 cajamarca_area:0 "Cajamarca"
 cajamarca_area_name:0 "Cajamarca"
 cajamarca_area_adj:0 "cajamarquine"
 huanuco_area:0 "Huánuco"
 huanuco_area_name:0 "Huánuco"
 huanuco_area_adj:0 "huanucane"
 moxos_area:0 "Moxos"
 moxos_area_name:0 "Moxos"
 moxos_area_adj:0 "moxène"
 beni_area:0 "Beni"
 beni_area_name:0 "Beni"
 beni_area_adj:0 "béniane"
 upper_peru:0 "Haut-Pérou"
 upper_peru_name:0 "Potosí"
 upper_peru_adj:0 "potosine"
 maine_area:0 "Maine"
 maine_area_name:1 "Penapawsket"
 maine_area_adj:1 "Penapawsket"
 great_woods_area:1 "Nouveau-Hampshire"
 great_woods_area_name:1 "Penakuk"
 great_woods_area_adj:1 "Penakuk"
 massachusetts_bay_area:1 "Massachusetts"
 massachusetts_bay_area_name:1 "Wampanoag"
 massachusetts_bay_area_adj:1 "wampanoag"
 connecticut_valley_area:1 "Connecticut"
 connecticut_valley_area_name:1 "Mohégans"
 connecticut_valley_area_adj:1 "mohegan"
 hudson_valley_area:0 "Vallée de l'Hudson"
 hudson_valley_area_name:1 "Munsee"
 hudson_valley_area_adj:1 "munsee"
 delaware_valley_area:0 "Vallée du Delaware"
 delaware_valley_area_name:1 "Unami"
 delaware_valley_area_adj:1 "unami"
 iroquoisia_area:1 "Iroquoisie"
 iroquoisia_area_name:1 "Haudenosaunee"
 iroquoisia_area_adj:1 "Haudenosaunee"
 south_iroquoisia_area:1 "Lac Champlain"
 south_iroquoisia_area_name:1 "Vermont"
 south_iroquoisia_area_adj:1 "vermontaise"
 susquehanna_area:1 "Westsylvanie"
 susquehanna_area_name:1 "Erielhonan"
 susquehanna_area_adj:1 "erielhonan"
 chesapeake_area:1 "Virginie"
 chesapeake_area_name:1 "Tutelo"
 chesapeake_area_adj:1 "tutelo"
 great_valley_area:0 "Grande vallée"
 great_valley_area_name:1 "Manahoac"
 great_valley_area_adj:1 "manahoac"
 piedmont_north_america_area:0 "Piedmont"
 piedmont_north_america_area_name:1 "Catawba"
 piedmont_north_america_area_adj:1 "catawba"
 carolinas_area:1 "Caroline du Nord"
 carolinas_area_name:1 "Croatan"
 carolinas_area_adj:1 "croatan"
 south_carolina_area:0 "Caroline du Sud"
 south_carolina_area_name:1 "Issati"
 south_carolina_area_adj:1 "Issati"
 upper_american_georgia_area:0 "Haute-Géorgie"
 upper_american_georgia_area_name:0 "Coosa"
 upper_american_georgia_area_adj:1 "coosa"
 american_georgia_area:0 "Géorgie"
 american_georgia_area_name:1 "Yamasee"
 american_georgia_area_adj:1 "yamasees"
 north_florida_area:1 "Floride orientale"
 north_florida_area_name:0 "Timucua"
 north_florida_area_adj:0 "timucua"
 florida_area:0 "Floride"
 florida_area_name:1 "Tequesta"
 florida_area_adj:1 "tequesta"
 south_appalachia_area:1 "Transmontagne"
 south_appalachia_area_name:1 "Aniyunwiya"
 south_appalachia_area_adj:1 "aniyunwiya"
 appalachia_area:2 "Vandalie"
 appalachia_area_name:1 "Vandalie"
 appalachia_area_adj:1 "vandalienne"
 west_florida_area:0 "Floride occidentale"
 west_florida_area_name:1 "Chactas"
 west_florida_area_adj:1 "chacta"
 mississippi_area:0 "Mississippi"
 mississippi_area_name:1 "Natchez"
 mississippi_area_adj:1 "Natchez"
 alabama_area:0 "Alabama"
 alabama_area_name:1 "Albaamaha"
 alabama_area_adj:1 "Albaamaha"
 kentucky_area:0 "Kentucky"
 kentucky_area_name:1 "Shawanwa"
 kentucky_area_adj:1 "shawanwa"
 miami_river_area:1 "Indiana"
 miami_river_area_name:1 "Myaamia"
 miami_river_area_adj:1 "myaamia"
 mississippi_plain_area:1 "Arkansas"
 mississippi_plain_area_name:1 "Ugakhpa"
 mississippi_plain_area_adj:1 "ugakhpa"
 ohio_country_area:0 "Ohio"
 ohio_country_area_name:1 "Wendat"
 ohio_country_area_adj:1 "wendat"
 illinois_country_area:0 "Illinois"
 illinois_country_area_name:1 "Cahokia"
 illinois_country_area_adj:1 "cahokia"
 michigan_area:0 "Michigan"
 michigan_area_name:1 "Mascouten"
 michigan_area_adj:1 "Mascouten"
 wisconsin_area:0 "Wisconsin"
 wisconsin_area_name:1 "Ho-Chunk"
 wisconsin_area_adj:1 "ho-chunk"
 lake_superior_area:0 "Lac Supérieur"
 lake_superior_area_name:1 "Chippewa"
 lake_superior_area_adj:1 "chippewa"
 lower_louisiana_area:1 "Louisiane"
 lower_louisiana_area_name:1 "Tunica"
 lower_louisiana_area_adj:1 "tunica"
 upper_louisiana_area:0 "Haute-Louisiane"
 upper_louisiana_area_name:1 "Inoka"
 upper_louisiana_area_adj:1 "inoka"
 ozarks_area:0 "Ozarks"
 ozarks_area_name:1 "Niukonska"
 ozarks_area_adj:1 "niukonska"
 central_plains_area:0 "Plaines centrales"
 central_plains_area_name:1 "Cansez"
 central_plains_area_adj:1 "cansez"
 lower_plains_area:1 "Plaines méridionales"
 lower_plains_area_name:1 "Kitkit'ish"
 lower_plains_area_adj:1 "kitkit'ish"
 high_plains_area:0 "Hautes plaines"
 high_plains_area_name:1 "Hinono'eino"
 high_plains_area_adj:1 "hinono'eino"
 south_dakota_area:3 "Dakota du Sud"
 south_dakota_area_name:1 "Isayanthi"
 south_dakota_area_adj:1 "isayanthi"
 dakota_area:1 "Dakota du Nord"
 dakota_area_name:1 "Wichiyena"
 dakota_area_adj:1 "wichiyena"
 upper_missouri_area:0 "Haut-Missouri"
 upper_missouri_area_name:1 "Apsalooke"
 upper_missouri_area_adj:1 "apsalooke"
 badlands_area:0 "Badlands"
 badlands_area_name:1 "Tséhéstano"
 badlands_area_adj:1 "tséhéstano"
 llano_estacado_area:0 "Llano Estacado"
 llano_estacado_area_name:1 "Numunuu"
 llano_estacado_area_adj:1 "numunuu"
 coastal_prarie_area:2 "Prairies côtières"
 coastal_prarie_area_name:1 "Lépai-Ndé"
 coastal_prarie_area_adj:1 "lépai-ndé"
 texas_area:0 "Texas"
 texas_area_name:1 "Tickanwa'tic"
 texas_area_adj:1 "tickanwa'tic"
 rio_grande_area:1 "Tamaulipas"
 rio_grande_area_name:1 "Tamaulipas"
 rio_grande_area_adj:1 "tamaulipèque"
 new_mexico_area:0 "Nouveau-Mexique"
 new_mexico_area_name:0 "Nouveau-Mexique"
 new_mexico_area_adj:0 "néo-mexicaine"
 colorado_plateau_area:0 "Plateau du Colorado"
 colorado_plateau_area_name:1 "Dinétah"
 colorado_plateau_area_adj:1 "diné"
 arizona_area:0 "Arizona"
 arizona_area_name:1 "Yavapais"
 arizona_area_adj:1 "yavapais"
 california_area:1 "Haute-Californie"
 california_area_name:1 "Chumash"
 california_area_adj:1 "chumash"
 central_valley_area:0 "Vallée centrale"
 central_valley_area_name:1 "Yokuts"
 central_valley_area_adj:1 "yokut"
 oregon_area:0 "Oregon"
 oregon_area_name:1 "Kalapuya"
 oregon_area_adj:1 "kalapuya"
 columbia_river_area:0 "Columbia"
 columbia_river_area_name:1 "Sqeliz"
 columbia_river_area_adj:1 "sqeliz"
 snake_river_area:0 "Snake"
 snake_river_area_name:0 "Nimiipuu"
 snake_river_area_adj:0 "nimiipuu"
 salish_sea_area:2 "Détroit de Puget"
 salish_sea_area_name:1 "Suquamish"
 salish_sea_area_adj:1 "suquamish"
 interior_plateau_area:0 "Plateau intérieur"
 interior_plateau_area_name:0 "Dakelh"
 interior_plateau_area_adj:1 "dakelh"
 hecate_strait_area:0 "Détroit d'Hecate"
 hecate_strait_area_name:1 "Xa'Isla"
 hecate_strait_area_adj:1 "xa'isla"
 alaska_area:1 "Alaska occidentale"
 alaska_area_name:1 "Unanga"
 alaska_area_adj:1 "unangan"
 lower_acadia_area:0 "Basse-Acadie"
 lower_acadia_area_name:1 "Lnu'k"
 lower_acadia_area_adj:1 "lnu'k"
 upper_acadia_area:0 "Haute-Acadie"
 upper_acadia_area_name:1 "Wolastoqiyik"
 upper_acadia_area_adj:1 "wolastoqiyik"
 newfoundland_area:0 "Terre-Neuve"
 newfoundland_area_name:1 "Béothuk"
 newfoundland_area_adj:1 "béothuk"
 labrador_area:0 "Labrador"
 labrador_area_name:1 "Naskapi"
 labrador_area_adj:1 "naskapi"
 cote_nord_area:0 "Côte-Nord"
 cote_nord_area_name:1 "Innu"
 cote_nord_area_adj:1 "innu"
 notre_dame_mountains_area:1 "Québec"
 notre_dame_mountains_area_name:1 "Stadaconé"
 notre_dame_mountains_area_adj:1 "stadaconienne"
 lower_canada_area:0 "Bas-Canada"
 lower_canada_area_name:1 "Hochelaga"
 lower_canada_area_adj:1 "hochelaguienne"
 upper_canada_area:0 "Haut-Canada"
 upper_canada_area_name:1 "Attiwandaronk"
 upper_canada_area_adj:1 "attiwandaronk"
 laurentian_area:0 "Laurentie"
 laurentian_area_name:1 "Omamiwinini"
 laurentian_area_adj:1 "omamiwinini"
 inner_ontario_area:1 "Abitibi"
 inner_ontario_area_adj:1 "Mosoni"
 inner_ontario_area_name:1 "mosoni"
 upper_ontario_area:0 "Haut-Ontario"
 upper_ontario_area_name:1 "Ojibwés"
 upper_ontario_area_adj:1 "ojibwé"
 huronia_area:0 "Huronie"
 huronia_area_name:1 "Wendake"
 huronia_area_adj:1 "wendake"
 james_bay_area:0 "Baie James"
 james_bay_area_name:1 "Iyiyiw"
 james_bay_area_adj:1 "iyiyiw"
 hudson_bay_area:0 "Baie d'Hudson"
 hudson_bay_area_name:1 "Mashkekowak"
 hudson_bay_area_adj:1 "mashkekowak"
 red_river_area:1 "Rivière rouge"
 red_river_area_name:1 "Saulteaux"
 red_river_area_adj:1 "saulteau"
 saskatchewan_area:0 "Saskatchewan"
 saskatchewan_area_name:0 "Saskatchewan"
 saskatchewan_area_adj:0 "saskatchewanaise"
 prairies_area:1 "Alberta"
 prairies_area_name:1 "Niitsitapi"
 prairies_area_adj:1 "niitsitapi"
 athabasca_area:0 "Athabasca"
 athabasca_area_name:1 "Dénésolinés"
 athabasca_area_adj:1 "dénésolinée"
 northeast_mexico_area:1 "Coahuila"
 northeast_mexico_area_name:1 "Coahuiltèques"
 northeast_mexico_area_adj:1 "Coahuiltèque"
 durango_area:0 "Durango"
 durango_area_name:1 "Shuma"
 durango_area_adj:1 "shuma"
 sonora_y_sinaloa_area:0 "Sonora y Sinaloa"
 sonora_y_sinaloa_area_name:1 "O'odham"
 sonora_y_sinaloa_area_adj:1 "o'odham"
 baja_california_area:0 "Basse-Californie"
 baja_california_area_name:0 "Guaycura"
 baja_california_area_adj:0 "guaycura"
 jalisco_area:0 "Jalisco"
 jalisco_area_name:0 "Jalisco"
 jalisco_area_adj:0 "jalisquiense"
 michoacan_area:0 "Michoacán"
 michoacan_area_name:0 "Michoacán"
 michoacan_area_adj:0 "michoacane"
 gran_chichimeca_area:0 "Grande Chichiméquie"
 gran_chichimeca_area_name:1 "Chichiméquie"
 gran_chichimeca_area_adj:0 "chichimèque"
 mexico_area:0 "Mexique"
 mexico_area_name:0 "Mexique"
 mexico_area_adj:0 "mexicaine"
 guerrero_area:0 "Guerrero"
 guerrero_area_name:0 "Guerrero"
 guerrero_area_adj:0 "guerrerense"
 oaxaca_area:0 "Oaxaca"
 oaxaca_area_name:0 "Oaxaca"
 oaxaca_area_adj:0 "oaxaquène"
 eastern_mexico_area:1 "Veracruz"
 eastern_mexico_area_name:0 "Xalapa"
 eastern_mexico_area_adj:0 "xalapénienne"
 chiapas_area:0 "Chiapas"
 chiapas_area_name:0 "Chiapas"
 chiapas_area_adj:0 "chiapanèque"
 yucatan_area:1 "Yucatán occidental"
 yucatan_area_name:1 "Mayapan"
 yucatan_area_adj:1 "mayapan"
 east_yucatan_area:0 "Yucatán oriental"
 east_yucatan_area_name:1 "Cozumel"
 east_yucatan_area_adj:1 "cozumel"
 guatemala_area:0 "Guatémala"
 guatemala_area_name:1 "Kaqchikel"
 guatemala_area_adj:1 "kaqchikel"
 honduras_area:0 "Honduras"
 honduras_area_name:1 "Cholutèques"
 honduras_area_adj:1 "cholutèque"
 nicaragua_area:0 "Nicaragua"
 nicaragua_area_name:1 "Mangue"
 nicaragua_area_adj:1 "mangue"
 assiniboia_area:0 "Assiniboine"
 assiniboia_area_name:0 "Nakoda"
 assiniboia_area_adj:0 "nakoda"
 maryland_area:0 "Maryland"
 maryland_area_name:0 "Piscataway"
 maryland_area_adj:0 "piscataway"
 straits_of_georgia_area:0 "Détroits de Géorgie"
 straits_of_georgia_area_name:0 "Sechelt"
 straits_of_georgia_area_adj:0 "sechelt"
 east_alaska_area:0 "Alaska sud-orientale"
 east_alaska_area_name:0 "Tlingit"
 east_alaska_area_adj:0 "tlingit"
 panama_area:0 "Panama"
 panama_area_name:0 "Panama"
 panama_area_adj:0 "panaméenne"
 cuba_area:1 "Cuba occidental"
 cuba_area_name:1 "Ciboneys"
 cuba_area_adj:1 "ciboney"
 east_cuba_area:0 "Cuba oriental"
 east_cuba_area_name:0 "Baracoa"
 east_cuba_area_adj:0 "baracoane"
 hispaniola_area:1 "Haïti"
 hispaniola_area_name:1 "Taïnos"
 hispaniola_area_adj:1 "taïno"
 greater_antilles_area:0 "Grandes Antilles"
 greater_antilles_area_name:0 "Jamaïque"
 greater_antilles_area_adj:0 "jamaïcaine"
 lucayan_area:0 "Lucayes"
 lucayan_area_name:0 "Bahamas"
 lucayan_area_adj:0 "bahamienne"
 leeward_islands_area:0 "Îles Sous-le-Vent"
 leeward_islands_area_name:0 "Guadeloupe"
 leeward_islands_area_adj:0 "guadeloupeénne"
 windward_islands_area:0 "Îles du Vent"
 windward_islands_area_name:0 "Trinité"
 windward_islands_area_adj:0 "trinitéenne"
 western_mediterrenean_area:0 "Méditerranée occidentale"
 eastern_mediterrenean_area:0 "Méditerranée orientale"
 black_sea_area:0 "Mer Noire"
 baltic_area:0 "Mer Baltique"
 kattegat_area:0 "Cattégat"
 north_sea_area:0 "Mer du Nord"
 norwegian_sea_area:0 "Mer de Norvège"
 white_sea_area:0 "Mer Blanche"
 red_sea_area:0 "Mer Rouge"
 persian_gulf_area:0 "Golfe Persique"
 arabian_sea_area:0 "Mer Arabique"
 bay_of_bengal_area:0 "Golfe du Bengale"
 eastern_indian_ocean_area:0 "Océan Indien oriental"
 western_indian_ocean_area:0 "Océan Indien occidental"
 great_australian_bight_area:0 "Grande Baie australienne"
 swahili_coast_sea_area:0 "Côtes des Swahilis"
 south_china_sea_area:0 "Mer de Chine méridionale"
 celebes_sea_area:0 "Mer de Célèbes"
 java_sea_area:0 "Mer de Java"
 east_china_sea_area:0 "Mer de Chine orientale"
 sea_of_japan_area:0 "Mer du Japon"
 sea_of_okhotsk_area:0 "Mer d'Okhotsk"
 berring_sea_area:0 "Mer de Béring"
 tasman_sea_area:0 "Mer de Tasmanie"
 coral_sea_area:0 "Mer de Corail"
 philipine_sea_area:0 "Mer des Philippines"
 banda_arafura_seas_area:0 "Banda et Arafura"
 gulf_of_alaska_area:0 "Golfe d'Alaska"
 sea_of_grau_area:0 "Mer de Grau"
 chilean_sea_area:0 "Mer du Chili"
 gulf_of_panama_area:0 "Golfe du Panama"
 bay_of_biscay_area:0 "Baie de Biscaye"
 english_channel_area:0 "Manche"
 caribbean_sea_area:0 "Mer des Caraïbes"
 gulf_of_mexico_area:0 "Golfe du Mexique"
 sea_of_labrador_area:0 "Mer du Labrador"
 hudson_bay_sea_area:0 "Mer de la baie d'Hudson"
 denmark_strait_area:0 "Détroit du Danemark"
 gulf_of_guinea_sea_area:0 "Golfe de la mer de Guinée"
 cape_of_storms_area:0 "Cap des Tempêtes"
 skeleton_coast_area:0 "Côte des squelettes"
 east_pacific_ocean_area:0 "Pacifique oriental"
 polynesian_triangle_area:0 "Triangle polynésien"
 south_pacific_area:0 "Pacifique méridional"
 north_pacific_area:0 "Pacifique septentrional"
 north_pacific_coast_area:0 "Côte pacifique"
 coast_of_brazil_sea_area:0 "Côtes du Brésil"
 coast_of_guyana_area:0 "Côtes du Guyana"
 celtic_sea_area:0 "Mer Celtique"
 west_african_coast_sea_area:0 "Mer d'Afrique de l'Ouest"
 south_atlantic_area:0 "Atlantique sud"
 argentine_sea_area:0 "Mer d'Argentine"
 gulf_of_st_lawrence_area:0 "Golfe du Saint-Laurent"
 gulf_stream_area:0 "Gulf Stream"
 sargasso_sea_area:0 "Mer des Sargasses"
 north_atlantic_area:0 "Atlantique nord"
 bahama_channel_area:0 "Canal de Bahama"
 france_region:0 "France"
 france_region_name:0 "France"
 france_region_adj:0 "française"
 scandinavia_region:0 "Scandinavie"
 scandinavia_region_name:0 "Scandinavie"
 scandinavia_region_adj:0 "scandinave"
 low_countries_region:0 "Pays-Bas"
 low_countries_region_name:0 "Pays-Bas"
 low_countries_region_adj:0 "néerlandaise"
 italy_region:0 "Italie"
 italy_region_name:0 "Italie"
 italy_region_adj:0 "italienne"
 iberia_region:0 "Péninsule Ibérique"
 iberia_region_name:0 "Ibérie"
 iberia_region_adj:0 "ibérique"
 germany_region:0 "Allemagne"
 germany_region_name:0 "Allemagne"
 germany_region_adj:0 "allemande"
 north_german_region:0 "Allemagne du Nord"
 north_german_region_name:0 "Allemagne du Nord"
 north_german_region_adj:0 "allemande septentrionale"
 south_german_region:0 "Allemagne du Sud"
 south_german_region_name:0 "Allemagne du Sud"
 south_german_region_adj:0 "allemande méridionale"
 russia_region:0 "Russie"
 russia_region_name:0 "Russie"
 russia_region_adj:0 "russe"
 ural_region:0 "Oural"
 ural_region_name:0 "Oural"
 ural_region_adj:0 "ouralienne"
 malaya_region:0 "Malaisie"
 malaya_region_name:0 "Malaisie"
 malaya_region_adj:0 "malaise"
 moluccas_region:0 "Moluques"
 moluccas_region_name:0 "Moluques"
 moluccas_region_adj:0 "moluqoise"
 java_region:0 "Java"
 java_region_name:0 "Java"
 java_region_adj:0 "javanaise"
 british_isles_region:0 "Îles Britanniques"
 british_isles_region_name:0 "Îles Britanniques"
 british_isles_region_adj:0 "britannique"
 baltic_region:0 "Baltique"
 baltic_region_name:0 "Pays baltes"
 baltic_region_adj:0 "balte"
 poland_region:0 "Pologne"
 poland_region_name:0 "Pologne"
 poland_region_adj:0 "polonaise"
 ruthenia_region:0 "Ruthénie"
 ruthenia_region_name:0 "Ruthénie"
 ruthenia_region_adj:0 "ruthène"
 crimea_region:1 "Steppe pontique"
 crimea_region_name:0 "Crimée"
 crimea_region_adj:0 "criméenne"
 balkan_region:0 "Balkans"
 balkan_region_name:0 "Yougoslavie"
 balkan_region_adj:0 "yougoslave"
 carpathia_region:0 "Carpates"
 carpathia_region_name:0 "Carpates"
 carpathia_region_adj:0 "carpatique"
 egypt_region:0 "Égypte"
 egypt_region_name:0 "Égypte"
 egypt_region_adj:0 "égyptienne"
 maghreb_region:0 "Maghreb"
 maghreb_region_name:0 "Maghreb"
 maghreb_region_adj:0 "maghrébine"
 mashriq_region:0 "Machrek"
 mashriq_region_name:0 "Machrek"
 mashriq_region_adj:0 "machrékienne"
 anatolia_region:0 "Anatolie"
 anatolia_region_name:0 "Anatolie"
 anatolia_region_adj:0 "anatolienne"
 persia_region:0 "Perse"
 persia_region_name:0 "Perse"
 persia_region_adj:0 "persane"
 khorasan_region:0 "Khorassan"
 khorasan_region_name:0 "Khorassan"
 khorasan_region_adj:0 "khorassanienne"
 baluchistan_region:0 "Baloutchistan"
 baluchistan_region_name:0 "Baloutchistan"
 baluchistan_region_adj:0 "baloutche"
 caucasia_region:0 "Caucase"
 caucasia_region_name:0 "Caucase"
 caucasia_region_adj:0 "caucasienne"
 arabia_region:0 "Arabie"
 arabia_region_name:0 "Arabie"
 arabia_region_adj:0 "arabe"
 guinea_region:0 "Guinée"
 guinea_region_name:0 "Guinée"
 guinea_region_adj:0 "guinéenne"
 sao_tome_area:0 "São Tomé"
 sao_tome_area_name:0 "São Tomé"
 sao_tome_area_adj:0 "santoméenne"
 niger_region:0 "Niger"
 niger_region_name:0 "Niger"
 niger_region_adj:0 "nigérienne"
 horn_of_africa_region:0 "Corne de l'Afrique"
 horn_of_africa_region_name:0 "Somalie"
 horn_of_africa_region_adj:0 "somalienne"
 east_africa_region:0 "Afrique orientale"
 east_africa_region_name:0 "Côte des Swahilis"
 east_africa_region_adj:0 "swahilie"
 kongo_region:1 "Congo"
 kongo_region_name:1 "Congo"
 kongo_region_adj:1 "congolaise"
 central_asia_region:0 "Asie centrale"
 central_asia_region_name:0 "Tartarie"
 central_asia_region_adj:0 "tartare"
 south_africa_region:0 "Afrique méridionale"
 south_africa_region_name:0 "Le Cap"
 south_africa_region_adj:0 "capétonienne"
 west_siberia_region:0 "Sibérie occidentale"
 west_siberia_region_name:0 "Sibérie occidentale"
 west_siberia_region_adj:0 "sibérienne orientale"
 east_siberia_region:0 "Sibérie orientale"
 east_siberia_region_name:0 "Sibérie orientale"
 east_siberia_region_adj:0 "sibérienne orientale"
 mongolia_region:0 "Mongolie"
 mongolia_region_name:0 "Mongolie"
 mongolia_region_adj:0 "mongole"
 manchuria_region:0 "Mandchourie"
 manchuria_region_name:0 "Mandchourie"
 manchuria_region_adj:0 "mandchoue"
 tibet_region:0 "Tibet"
 tibet_region_name:0 "Tibet"
 tibet_region_adj:0 "tibétaine"
 bengal_region:0 "Bengale"
 bengal_region_name:0 "Bengale"
 bengal_region_adj:0 "bengalie"
 hindusthan_region:0 "Hindoustan"
 hindusthan_region_name:0 "Hindoustan"
 hindusthan_region_adj:0 "hindoustanie"
 rajputana_region:0 "Râjputâna"
 rajputana_region_name:0 "Râjputâna"
 rajputana_region_adj:0 "râjpoute"
 deccan_region:0 "Deccan"
 deccan_region_name:0 "Deccan"
 deccan_region_adj:0 "deccanî"
 coromandel_region:0 "Coromandel"
 coromandel_region_name:0 "Coromandel"
 coromandel_region_adj:0 "coromandélienne"
 west_india_region:0 "Inde occidentale"
 west_india_region_name:0 "Gujarât"
 west_india_region_adj:0 "gujarâtî"
 burma_region:0 "Birmanie"
 burma_region_name:0 "Birmanie"
 burma_region_adj:0 "birmane"
 japan_region:0 "Japon"
 japan_region_name:0 "Japon"
 japan_region_adj:0 "japonaise"
 korea_region:0 "Corée"
 korea_region_name:0 "Corée"
 korea_region_adj:0 "coréenne"
 australia_region:0 "Australie"
 australia_region_name:0 "Australie"
 australia_region_adj:0 "australienne"
 new_zealand_region:0 "Nouvelle-Zélande"
 new_zealand_region_name:0 "Nouvelle-Zélande"
 new_zealand_region_adj:0 "néo-zélandaise"
 south_china_region:0 "Chine méridionale"
 south_china_region_name:0 "Guangdong"
 south_china_region_adj:0 "guangdong"
 xinan_region:0 "Xinan"
 xinan_region_name:0 "Xinan"
 xinan_region_adj:0 "xinan"
 north_china_region:0 "Chine septentrionale"
 north_china_region_name:0 "Chine"
 north_china_region_adj:0 "chinoise"
 brazil_region:0 "Brésil"
 brazil_region_name:0 "Brésil"
 brazil_region_adj:0 "brésilienne"
 la_plata_region:0 "La Plata"
 la_plata_region_name:0 "La Plata"
 la_plata_region_adj:0 "platine"
 upper_peru_region:0 "Haut-Pérou"
 upper_peru_region_name:0 "Bolivie"
 upper_peru_region_adj:0 "bolivienne"
 colombia_region:0 "Colombie"
 colombia_region_name:0 "Colombie"
 colombia_region_adj:0 "colombienne"
 peru_region:0 "Pérou"
 peru_region_name:0 "Pérou"
 peru_region_adj:0 "péruvienne"
 indonesia_region:0 "Indonésie"
 indonesia_region_name:0 "Indonésie"
 indonesia_region_adj:0 "indonésienne"
 oceanea_region:0 "Océanie"
 oceanea_region_name:0 "Océanie"
 oceanea_region_adj:0 "océanienne"
 indo_china_region:0 "Indochine"
 indo_china_region_name:0 "Indochine"
 indo_china_region_adj:0 "indochinoise"
 canada_region:0 "Canada"
 canada_region_name:0 "Canada"
 canada_region_adj:0 "canadienne"
 great_lakes_region:0 "Grands Lacs"
 great_lakes_region_name:0 "Wisconsin"
 great_lakes_region_adj:0 "wisconsienne"
 northeast_america_region:0 "Nord-Est américain"
 northeast_america_region_name:0 "Pennsylvanie"
 northeast_america_region_adj:0 "pennsylvanienne"
 southeast_america_region:0 "Sud-Est américain"
 southeast_america_region_name:0 "Virginie"
 southeast_america_region_adj:0 "virginienne"
 mississippi_region:0 "Mississippi"
 mississippi_region_name:1 "Mississippi"
 mississippi_region_adj:1 "mississippienne"
 choctaw_area:1 "Tennessee"
 choctaw_area_name:0 "Choctaw"
 choctaw_area_adj:0 "choctaw"
 great_plains_region:0 "Grandes Plaines"
 great_plains_region_name:0 "Nebraska"
 great_plains_region_adj:0 "nébraskaine"
 california_region:0 "Californie"
 california_region_name:0 "Californie"
 california_region_adj:0 "californienne"
 cascadia_region:0 "Cascadie"
 cascadia_region_name:0 "Cascadie"
 cascadia_region_adj:0 "cascadienne"
 hudson_bay_region:0 "Baie d'Hudson"
 hudson_bay_region_name:0 "Manitoba"
 hudson_bay_region_adj:0 "manitobaine"
 mexico_region:0 "Mexique"
 mexico_region_name:0 "Mexique"
 mexico_region_adj:0 "mexicaine"
 central_america_region:0 "Amérique centrale"
 central_america_region_name:0 "Guatémala"
 central_america_region_adj:0 "guatémaltèque"
 carribeans_region:0 "Caraïbes"
 carribeans_region_name:0 "Caraïbes"
 carribeans_region_adj:0 "caribéenne"
 south_atlantic_region:0 "Atlantique sud"
 atlantic_south_america_region:0 "Amérique sud-atlantique"
 pacific_south_america_region:0 "Amérique sud-pacifique"
 north_west_pacific_region:0 "Pacifique nord-ouest"
 south_west_pacific_region:0 "Pacifique sud-ouest"
 south_east_pacific_region:0 "Pacifique sud-est"
 north_east_pacific_region:0 "Pacifique nord-est"
 east_china_sea_region:0 "Mer de Chine orientale"
 south_china_sea_region:0 "Mer de Chine méridionale"
 east_indian_ocean_region:0 "Océan Indien oriental"
 arabian_sea_region:0 "Mer d'Arabie"
 west_indian_ocean_region:0 "Océan Indien occidental"
 west_african_sea_region:0 "Mer d'Afrique occidentale"
 caribbean_sea_region:0 "Mer des Caraïbes"
 mediterrenean_region:0 "Méditerranée"
 american_east_coast_region:0 "Côte orientale américaine"
 north_atlantic_region:0 "Atlantique nord"
 baltic_sea_region:0 "Mer Baltique"
 south_indian_ocean_area:0 "Océan Indien méridional"
 south_indian_ocean_region:0 "Océan Indien méridional"
 central_africa_region:0 "Afrique centrale"
 central_africa_region_name:0 "Afrique"
 central_africa_region_adj:0 "africaine"
 europe_superregion:0 "Europe occidentale"
 europe_superregion_name:0 "Francie"
 europe_superregion_adj:0 "française"
 north_america_superregion:0 "Amérique du Nord"
 north_america_superregion_name:0 "Amérique"
 north_america_superregion_adj:0 "américaine"
 africa_superregion:1 "Afrique du Nord"
 africa_superregion_name:1 "Sahara"
 africa_superregion_adj:1 "saharienne"
 southern_africa_superregion:0 "Afrique méridionale"
 southern_africa_superregion_name:0 "Grand Congo"
 southern_africa_superregion_adj:0 "grande-congolaise"
 south_america_superregion:1 "Amazonie"
 south_america_superregion_name:1 "Amazonie"
 south_america_superregion_adj:1 "amazonienne"
 andes_superregion:0 "Andes"
 andes_superregion_name:0 "Andes"
 andes_superregion_adj:0 "andine"
 central_america_superregion:0 "Amérique centrale"
 central_america_superregion_name:0 "Mexique"
 central_america_superregion_adj:0 "mexicaine"
 china_superregion:0 "Chine"
 china_superregion_name:0 "Chine"
 china_superregion_adj:0 "chinoise"
 east_indies_superregion:0 "Indes orientales"
 east_indies_superregion_name:0 "Indonésie"
 east_indies_superregion_adj:0 "indonésienne"
 india_superregion:0 "Inde"
 india_superregion_name:0 "Inde"
 india_superregion_adj:0 "indienne"
 near_east_superregion:1 "Levant"
 near_east_superregion_name:1 "Levant"
 near_east_superregion_adj:1 "levantine"
 persia_superregion:0 "Perse"
 persia_superregion_name:0 "Perse"
 persia_superregion_adj:0 "persane"
 kenya_area:0 "Kenya"
 kenya_area_name:0 "Kenya"
 kenya_area_adj:0 "kenyane"
 andaman_sea_area:0 "Mer d'Andaman"
 limpopo_area:0 "Natal"
 limpopo_area_name:0 "Natal"
 limpopo_area_adj:0 "nataliane"
 quelimane_area:0 "Quélimane"
 quelimane_area_name:0 "Quélimane"
 quelimane_area_adj:0 "quelimanienne"
 southern_madagascar:0 "Madagascar méridional"
 southern_madagascar_name:0 "Bara"
 southern_madagascar_adj:0 "bara"
 sakalava_area:0 "Sakalava"
 sakalava_area_name:0 "Sakalava"
 sakalava_area_adj:0 "sakalava"
 betsimasaraka_area:0 "Betsimasaraka"
 betsimasaraka_area_name:0 "Betsimasaraka"
 betsimasaraka_area_adj:0 "betsimasaraka"
 madagascar_highlands_area:0 "Hauteurs de Madagascar"
 madagascar_highlands_area_name:0 "Merina"
 madagascar_highlands_area_adj:0 "merina"
 bothnia_area:1 "Ostrobotnie"
 bothnia_area_name:0 "Botnie"
 bothnia_area_adj:0 "botnienne"
 western_ireland_area:0 "Irlande occidentale"
 western_ireland_area_name:0 "Munster"
 western_ireland_area_adj:0 "munstérienne"
 eastern_ireland_area:0 "Irlande orientale"
 eastern_ireland_area_name:0 "Leinster"
 eastern_ireland_area_adj:0 "leinstéroise"
 southern_jutland_area:0 "Danemark méridional"
 southern_jutland_area_name:0 "Slesvig"
 southern_jutland_area_adj:0 "slesvigienne"
 eastern_europe_superregion:0 "Europe orientale"
 eastern_europe_superregion_name:0 "Rus'"
 eastern_europe_superregion_adj:0 "ruthène"
 tartary_superregion:0 "Tartarie"
 tartary_superregion_name:0 "Grande Tartarie"
 tartary_superregion_adj:0 "tartare"
 far_east_superregion:0 "Extrême-Orient"
 far_east_superregion_name:0 "Extrême-Orient"
 far_east_superregion_adj:0 "extrême-orientale"
 oceania_superregion:0 "Océanie"
 oceania_superregion_name:0 "Océanie"
 oceania_superregion_adj:0 "océanienne"
 laponia_area:0 "Laponie"
 laponia_area_name:0 "Laponie"
 laponia_area_adj:0 "lapone"
 arabian_sea_islands_area:0 "Îles de la mer d'Arabie"
 arabian_sea_islands_area_name:0 "Socotra"
 arabian_sea_islands_area_adj:0 "socotrienne"
 ad_dahna_area:0 "ad-Dahnâ"
 ad_dahna_area_name:0 "Arabie"
 ad_dahna_area_adj:0 "arabe"
 central_heilongjiang_area:0 "Heilongjiang central"
 central_heilongjiang_area_adj:0 "aïgun"
 central_heilongjiang_area_name:0 "Aïgun"
 ningguta_area:0 "Ningguta"
 ningguta_area_adj:0 "ningguta"
 ningguta_area_name:0 "Ningguta"
 uliastai_area:0 "Uliastay"
 uliastai_area_adj:0 "uliastay"
 uliastai_area_name:0 "Uliastay"
 tannu_uriankhai_area:0 "Tannu Uriankhaï"
 tannu_uriankhai_area_name:0 "Tannu Uriankhaï"
 tannu_uriankhai_area_adj:0 "tannu-uriankhaï"
 east_altishahr_area:0 "Altishahr oriental"
 east_altishahr_area_adj:0 "qarqan"
 east_altishahr_area_name:0 "Qarqan"
 turpan_kumul_area:0 "Turpan-Kumul"
 turpan_kumul_area_adj:0 "hamian"
 turpan_kumul_area_name:0 "Hamian"
 chuanbei_area:0 "Chuanbei"
 chuanbei_area_adj:0 "langzhong"
 chuanbei_area_name:0 "Langzhong"
 shanshan_area:0 "Shanshan"
 shanshan_area_adj:0 "shanshan"
 shanshan_area_name:0 "Shanshan"
 minsk_area:0 "Minsk"
 minsk_area_adj:0 "minskoise"
 minsk_area_name:0 "Minsk"
 tver_area:0 "Tver"
 tver_area_adj:0 "tvérine"
 tver_area_name:0 "Tver"
 yaroslavl_area:1 "Iaroslavl"
 yaroslavl_area_name:1 "Iaroslavl"
 yaroslavl_area_adj:0 "iaroslavlienne"
 vladimir_area:0 "Vladimir"
 vladimir_area_name:0 "Vladimir"
 vladimir_area_adj:0 "vladimirienne"
 oka_area:0 "Oka"
 oka_area_name:0 "Toula"
 oka_area_adj:0 "toulienne"
 arkhangelsk_area:0 "Arkhangelsk"
 arkhangelsk_area_name:0 "Arkhangelsk"
 arkhangelsk_area_adj:0 "arkhangelskoise"
 vologda_area:0 "Vologda"
 vologda_area_name:0 "Vologda"
 vologda_area_adj:0 "vologdienne"
 volga_area:0 "Volga"
 volga_area_name:0 "Bolgarie"
 volga_area_adj:0 "bolgarienne"
 southern_najd_area:0 "Najd méridional"
 southern_najd_area_name:0 "al-Yamâmâ"
 southern_najd_area_adj:0 "yamâmi"
 mahra_area:0 "Mahrâ"
 mahra_area_name:0 "Mahrâ"
 mahra_area_adj:0 "mahrî"
 upper_yemen_area:0 "Haut-Yémen"
 upper_yemen_area_name:0 "Sana'a"
 upper_yemen_area_adj:0 "sananéenne"
 tihama_al_yemen_area:0 "Tihâmâ al-Yemen"
 tihama_al_yemen_area_name:0 "Zabid"
 tihama_al_yemen_area_adj:0 "zabidi"
 asir_area:0 "Asir"
 asir_area_name:0 "Mikhlâf"
 asir_area_adj:0 "mikhlâfi"
 mecca_area:0 "La Mecque"
 mecca_area_name:0 "La Mecque"
 mecca_area_adj:0 "mecquoise"
 medina_area:0 "Médine"
 medina_area_name:0 "Médine"
 medina_area_adj:0 "médinoise"
 nafud_area:0 "Néfoud"
 nafud_area_name:0 "Shammar"
 nafud_area_adj:0 "shammari"
 trans_jordan_area:0 "Transjordanie"
 trans_jordan_area_name:0 "Jordanie"
 trans_jordan_area_adj:0 "jordanienne"
 mascat_area:0 "Mascate"
 mascat_area_name:0 "Mascate"
 mascat_area_adj:0 "mascataise"
 shahrizor_area:0 "Sharazur"
 shahrizor_area_name:0 "Sharazur"
 shahrizor_area_adj:0 "sharazuri"
 cukurova_area:0 "Çukurova"
 cukurova_area_name:0 "Çukurova"
 cukurova_area_adj:0 "çukurovienne"
 syrian_desert_area:0 "Désert de Syrie"
 syrian_desert_area_name:0 "Palmyrène"
 syrian_desert_area_adj:0 "palmyrienne"
 khuzestan_area:0 "Khouzestan"
 khuzestan_area_name:0 "Khouzestan"
 khuzestan_area_adj:0 "khouzestani"
 kartli_kakheti_area:0 "Karthlie-Kakhétie"
 kartli_kakheti_area_name:0 "Karthlie-Kakhétie"
 kartli_kakheti_area_adj:0 "karthlo-kakhétienne"
 samtskhe_area:0 "Samtskhé"
 samtskhe_area_name:0 "Samtskhé"
 samtskhe_area_adj:0 "samtskhéenne"
 imereti_area:0 "Iméréthie"
 imereti_area_name:0 "Iméréthie"
 imereti_area_adj:0 "iméréthienne"
 aegean_archipelago_area:0 "Archipels de l'Égée"
 aegean_archipelago_area_name:0 "Naxos"
 aegean_archipelago_area_adj:0 "naxienne"
 germiyan_area:0 "Germiyan"
 germiyan_area_name:0 "Germiyan"
 germiyan_area_adj:0 "germiyanide"
 ankara_area:0 "Ankara"
 ankara_area_name:0 "Ankara"
 ankara_area_adj:0 "ankariote"
 gulf_of_arabia_area:0 "Monts de la mer Rouge"
 gulf_of_arabia_area_name:0 "Suez"
 gulf_of_arabia_area_adj:0 "suezienne"
 al_wahat_area:0 "al-Wâhât"
 al_wahat_area_name:0 "al-Wâhât"
 al_wahat_area_adj:0 "wâhâti"
 delta_area:0 "Delta"
 delta_area_name:0 "Rashîd"
 delta_area_adj:0 "rashîdi"
 bahari_area:0 "Bahari"
 bahari_area_name:0 "Bahari"
 bahari_area_adj:0 "bahari"
 vostani_area:0 "al-Wista"
 vostani_area_name:0 "al-Wista"
 vostani_area_adj:0 "wistéenne"
 said_area:0 "Sa'îd"
 said_area_name:0 "Sa'îd"
 said_area_adj:0 "sa'îdi"
 birjand_area:0 "Bîrjand"
 birjand_area_name:0 "Bîrjand"
 birjand_area_adj:0 "bîrjandi"
 herat_area:0 "Hérat"
 herat_area_name:0 "Hérat"
 herat_area_adj:0 "hératie"
 mashhad_area:0 "Méched"
 mashhad_area_name:0 "Khorassan"
 mashhad_area_adj:0 "khorassanie"
 termez_area:0 "Khuttal"
 termez_area_name:0 "Khuttal"
 termez_area_adj:0 "khuttalienne"
 mogostan_area:0 "Mogostan"
 mogostan_area_name:0 "Mogostan"
 mogostan_area_adj:0 "mogostanie"
 west_mindanao_area:0 "Mindanao occidentale"
 west_mindanao_area_name:0 "Maguindanao"
 west_mindanao_area_adj:0 "maguindanaote"
 visayas_area:0 "Visayas"
 visayas_area_name:0 "Visayas"
 visayas_area_adj:0 "visayane"
 palawan_area:0 "Palawan"
 palawan_area_name:0 "Palawan"
 palawan_area_adj:0 "palawane"
 southern_luzon_area:0 "Luçon méridionale"
 southern_luzon_area_name:0 "Manille"
 southern_luzon_area_adj:0 "manilène"
 eastern_chubu_area:0 "Chûbu oriental"
 eastern_chubu_area_name:0 "Suruga"
 eastern_chubu_area_adj:0 "Suruga"
 munster_area:0 "Munster"
 munster_area_name:0 "Munster"
 munster_area_adj:0 "munstérienne"
 connacht_area:0 "Connacht"
 connacht_area_name:0 "Connacht"
 connacht_area_adj:0 "connachtienne"
 ulster_area:0 "Ulster"
 ulster_area_name:0 "Ulster"
 ulster_area_adj:0 "ulstérienne"
 leinster_area:0 "Leinster"
 leinster_area_name:0 "Leinster"
 leinster_area_adj:0 "leinstéroise"
 central_burma_area:0 "Birmanie centrale"
 central_burma_area_name:0 "Birmanie centrale"
 central_burma_area_adj:0 "birmane centrale"
 chindwin_area:0 "Chindwin"
 chindwin_area_name:0 "Chindwin"
 chindwin_area_adj:0 "chindwine"
 deccan:0 "Deccan"
 gujarat:0 "Gujarât"
 lahore:0 "Lahore"
 burma:0 "Birmanie"
 galicia_area:0 "Galice"
 galicia_area_name:0 "Galice"
 galicia_area_adj:0 "galicienne"
 baleares_area:0 "Baléares"
 baleares_area_name:0 "Baléares"
 baleares_area_adj:0 "baléare"
 barbary_coast:0 "Côte de Barbarie"
 barbary_coast_area:0 "Côte de Barbarie"
 barbary_coast_adj:0 "barbaresque"
 rio_grande_region:0 "Río Grande"
 rio_grande_region_name:0 "Río Grande"
 rio_grande_region_adj:0 "rio-grandienne"
 guatemala_lowlands_area:0 "Basses-Terres du Guatémala"
 guatemala_lowlands_area_adj:0 "Basses-Terres"
 guatemala_lowlands_area_name:0 "des Basses-terres du Guatémala"
 campeche_area:0 "Campeche"
 campeche_area_adj:0 "Campeche"
 campeche_area_name:0 "Campeche"
 mixteca_area:0 "Mixteca"
 mixteca_area_adj:0 "mixtèque"
 mixteca_area_name:0 "Mixteca"
 tierra_caliente_area:0 "Tierra Caliente"
 tierra_caliente_area_adj:0 "tierra-caliente"
 tierra_caliente_area_name:0 "Tierra Caliente"
 guanajuato_area:0 "Guanajuato"
 guanajuato_area_adj:0 "guanajuatienne"
 guanajuato_area_name:0 "Guanajuato"
 huasteca_area:0 "Huasteca"
 huasteca_area_adj:0 "huastèque"
 huasteca_area_name:0 "Huasteca"
 zacatecas_area:0 "Zacatecas"
 zacatecas_area_adj:0 "zacatèque"
 zacatecas_area_name:0 "Zacatecas"
 nayarit_area:0 "Nayarit"
 nayarit_area_name:0 "Nayarit"
 nayarit_area_adj:0 "nayaritienne"
 chihuahua_area:0 "Chihuahua"
 chihuahua_area_adj:0 "chihuahuaïenne"
 chihuahua_area_name:0 "Chihuahua"
 pecos_area:0 "Pecos"
 pecos_area_adj:0 "pecos"
 pecos_area_name:0 "Pecos"
 sonora_area:0 "Sonora"
 sonora_area_adj:0 "sonorense"
 sonora_area_name:0 "Sonora"
 northern_california_area:0 "Californie septentrionale"
 northern_california_area_adj:0 "nord-californienne"
 northern_california_area_name:0 "Californie septentrionale"
 cordillera_occidental_area:0 "Cordillère occidentale"
 cordillera_occidental_area_adj:0 "de la Cordillère occidentale"
 cordillera_occidental_area_name:0 "Cordillère occidentale"
 colombian_amazonas_area:0 "Amazonie colombienne"
 colombian_amazonas_area_adj:0 "de l'Amazonie colombienne"
 colombian_amazonas_area_name:0 "Amazonie colombienne"
 central_llanos_area:0 "Llanos centrales"
 central_llanos_area_adj:0 "des Llanos centrales"
 central_llanos_area_name:0 "Llanos centrales"
 dominica_area:0 "Dominique"
 dominica_area_adj:0 "dominicaine"
 dominica_area_name:0 "Dominique"
 puebla_area:0 "Puebla"
 puebla_area_name:0 "Puebla"
 puebla_area_adj:0 "poblane"
 costa_rica_area:0 "Costa Rica"
 costa_rica_area_name:0 "Costa Rica"
 costa_rica_area_adj:0 "costaricienne"
 apacheria_area:0 "Apacheria"
 apacheria_area_adj:0 "apachériane"
 apacheria_area_area:0 "Apacheria"

# === [LocEditor:OrphanedKeys] Keys that do not exist in English ===
 barbary_coast_area_name:0 "Côte de Barbarie"
 barbary_coast_area_adj:0 "barbaresque"
